rank,family,configuration,mean_reward,reward_ci95_half_width,mean_regret,regret_ci95_half_width,median_regret,p90_regret,max_regret
1,Thompson sampling,"Thompson Beta(1,1)",0.595930,0.020932,253.492366,62.330772,187.027434,576.636476,1106.562127
2,UCB,KL-UCB c=3,0.593376,0.020867,277.185074,57.546511,225.199836,464.858127,1238.938893
3,UCB,UCB SW(tau=1000),0.585440,0.020651,357.596233,60.147252,321.604683,545.541160,1220.185109
4,UCB,UCB SW(tau=4000),0.580602,0.021122,403.431024,46.023610,388.127542,541.931864,1091.966371
5,UCB,UCB c=1.41,0.580234,0.021207,408.698867,45.930589,393.148471,528.708257,1083.491135
6,UCB,UCB-V(default),0.578384,0.021029,425.431051,38.504571,393.090745,590.621493,935.969106
7,Epsilon-greedy,Epsilon epsilon=0.05,0.571732,0.020881,498.426346,101.246066,367.707188,1172.087979,1767.087697
8,Epsilon-greedy,"Epsilon epsilon=0.1, alpha=0.05",0.565362,0.018993,560.618619,30.481219,552.710764,671.674220,945.145537
9,Epsilon-greedy,"Epsilon epsilon=0.1, alpha=0.1",0.561596,0.019083,596.535936,17.629043,597.088250,677.807432,738.505716
10,Epsilon-greedy,Epsilon epsilon=0.1,0.558988,0.019276,621.769359,84.940865,498.480650,1043.223256,1569.009895
11,Epsilon-greedy,"Epsilon epsilon=0.1, alpha=0.2",0.543184,0.019011,781.468513,20.595228,775.761932,892.881919,955.516735
12,Epsilon-greedy,Epsilon epsilon=0.2,0.538438,0.018264,825.344013,51.975629,790.062881,985.445303,1514.076526
13,Thompson sampling,Thompson decay=0.99,0.478498,0.019380,1425.378897,26.008777,1428.314842,1549.079387,1613.769756
14,Thompson sampling,Thompson decay=0.95,0.381208,0.013487,2391.112649,88.250574,2348.136224,2818.048279,3035.865785
