n_arms,n_steps,algorithm,environment_seed,final_avg_reward,total_regret
10,100,epsgreedy const,20000,0.8,9.591733185676375
10,100,epsgreedy const,20001,0.76,25.88867133646554
10,100,epsgreedy const,20002,0.8,15.099055553641696
10,100,epsgreedy const,20003,0.61,21.87851301509709
10,100,epsgreedy const,20004,0.64,17.02264069648738
10,100,epsgreedy const,20005,0.89,11.410000989913176
10,100,epsgreedy const,20006,0.79,7.17440677293561
10,100,epsgreedy const,20007,0.92,4.253374949327226
10,100,epsgreedy const,20008,0.89,7.151763013826848
10,100,epsgreedy const,20009,0.85,5.523004530334926
10,100,epsgreedy const,20010,0.87,8.977482372617352
10,100,epsgreedy const,20011,0.51,36.22787029505378
10,100,epsgreedy const,20012,0.47,45.22460519048751
10,100,epsgreedy const,20013,0.41,32.83445975212158
10,100,epsgreedy const,20014,0.86,11.166654442985624
10,100,epsgreedy const,20015,0.76,16.326886634979783
10,100,epsgreedy const,20016,0.88,10.941814205511637
10,100,epsgreedy const,20017,0.77,19.871491223497717
10,100,epsgreedy const,20018,0.71,17.492108823594698
10,100,epsgreedy const,20019,0.73,11.204112244656425
10,100,epsgreedy const,20020,0.86,4.45833720292768
10,100,epsgreedy const,20021,0.82,9.36080566023979
10,100,epsgreedy const,20022,0.74,6.13042214766287
10,100,epsgreedy const,20023,0.84,7.032060030602195
10,100,epsgreedy const,20024,0.86,7.2058251947017595
10,100,epsgreedy const,20025,0.69,6.762655642480199
10,100,epsgreedy const,20026,0.79,13.675144687555772
10,100,epsgreedy const,20027,0.43,5.6718816019898135
10,100,epsgreedy const,20028,0.71,28.96227148408375
10,100,epsgreedy const,20029,0.92,6.935345199970619
10,100,epsgreedy optimistic decay=0.90,20000,0.7,15.111997272488678
10,100,epsgreedy optimistic decay=0.90,20001,0.88,8.676890649536082
10,100,epsgreedy optimistic decay=0.90,20002,0.89,8.215368147216648
10,100,epsgreedy optimistic decay=0.90,20003,0.56,28.552091057383993
10,100,epsgreedy optimistic decay=0.90,20004,0.73,4.6181159431333665
10,100,epsgreedy optimistic decay=0.90,20005,0.91,8.838572356514481
10,100,epsgreedy optimistic decay=0.90,20006,0.53,35.128099160152
10,100,epsgreedy optimistic decay=0.90,20007,0.91,8.201327607169349
10,100,epsgreedy optimistic decay=0.90,20008,0.83,11.590314173959175
10,100,epsgreedy optimistic decay=0.90,20009,0.85,6.488955039009188
10,100,epsgreedy optimistic decay=0.90,20010,0.9,7.243623906437091
10,100,epsgreedy optimistic decay=0.90,20011,0.63,28.20143600556681
10,100,epsgreedy optimistic decay=0.90,20012,0.91,9.547694586611806
10,100,epsgreedy optimistic decay=0.90,20013,0.54,17.307651378543092
10,100,epsgreedy optimistic decay=0.90,20014,0.89,8.530111211399939
10,100,epsgreedy optimistic decay=0.90,20015,0.85,7.268888618703986
10,100,epsgreedy optimistic decay=0.90,20016,0.89,6.399725570398882
10,100,epsgreedy optimistic decay=0.90,20017,0.9,6.3855707810760585
10,100,epsgreedy optimistic decay=0.90,20018,0.83,12.793997786860102
10,100,epsgreedy optimistic decay=0.90,20019,0.78,8.321668476691919
10,100,epsgreedy optimistic decay=0.90,20020,0.85,6.490854804673118
10,100,epsgreedy optimistic decay=0.90,20021,0.84,7.75799393289509
10,100,epsgreedy optimistic decay=0.90,20022,0.7,10.644099370524739
10,100,epsgreedy optimistic decay=0.90,20023,0.87,7.997068563795524
10,100,epsgreedy optimistic decay=0.90,20024,0.87,8.218633281640598
10,100,epsgreedy optimistic decay=0.90,20025,0.7,5.750312269907801
10,100,epsgreedy optimistic decay=0.90,20026,0.86,5.581010670399935
10,100,epsgreedy optimistic decay=0.90,20027,0.27,22.729586873972064
10,100,epsgreedy optimistic decay=0.90,20028,0.9,7.564394986635206
10,100,epsgreedy optimistic decay=0.90,20029,0.9,8.207578287119695
10,100,"thompson Beta(5,5)",20000,0.64,20.593612731008285
10,100,"thompson Beta(5,5)",20001,0.84,13.39702668135255
10,100,"thompson Beta(5,5)",20002,0.89,6.24038410713472
10,100,"thompson Beta(5,5)",20003,0.72,14.188122813427766
10,100,"thompson Beta(5,5)",20004,0.72,8.02381196732924
10,100,"thompson Beta(5,5)",20005,0.83,10.587804537535654
10,100,"thompson Beta(5,5)",20006,0.63,22.173983285746733
10,100,"thompson Beta(5,5)",20007,0.85,19.678676685751995
10,100,"thompson Beta(5,5)",20008,0.77,19.42144570763574
10,100,"thompson Beta(5,5)",20009,0.72,21.4628448346575
10,100,"thompson Beta(5,5)",20010,0.84,13.286573017926614
10,100,"thompson Beta(5,5)",20011,0.69,15.557297753421324
10,100,"thompson Beta(5,5)",20012,0.79,18.26597184292495
10,100,"thompson Beta(5,5)",20013,0.56,22.592825328311154
10,100,"thompson Beta(5,5)",20014,0.79,17.628606767401344
10,100,"thompson Beta(5,5)",20015,0.81,14.339194563694278
10,100,"thompson Beta(5,5)",20016,0.83,12.253160400042763
10,100,"thompson Beta(5,5)",20017,0.87,10.214860479817157
10,100,"thompson Beta(5,5)",20018,0.73,18.089145623273446
10,100,"thompson Beta(5,5)",20019,0.58,19.941882407262693
10,100,"thompson Beta(5,5)",20020,0.85,9.2919170841
10,100,"thompson Beta(5,5)",20021,0.68,18.852789476280858
10,100,"thompson Beta(5,5)",20022,0.65,14.005484191053654
10,100,"thompson Beta(5,5)",20023,0.88,7.505262689492778
10,100,"thompson Beta(5,5)",20024,0.79,16.199657949022342
10,100,"thompson Beta(5,5)",20025,0.53,22.307753005933197
10,100,"thompson Beta(5,5)",20026,0.82,10.13350676449925
10,100,"thompson Beta(5,5)",20027,0.42,12.969000557983168
10,100,"thompson Beta(5,5)",20028,0.8,21.454533669958977
10,100,"thompson Beta(5,5)",20029,0.75,19.346859903804056
10,100,ucb(c=0.003),20000,0.81,5.823140906039869
10,100,ucb(c=0.003),20001,0.89,6.54155032774616
10,100,ucb(c=0.003),20002,0.77,18.797904824623387
10,100,ucb(c=0.003),20003,0.58,28.099934694201828
10,100,ucb(c=0.003),20004,0.68,11.472749934830096
10,100,ucb(c=0.003),20005,0.92,8.896367454564503
10,100,ucb(c=0.003),20006,0.74,17.034695210622054
10,100,ucb(c=0.003),20007,0.91,11.102982464794557
10,100,ucb(c=0.003),20008,0.81,14.075494202134502
10,100,ucb(c=0.003),20009,0.85,9.69922353342077
10,100,ucb(c=0.003),20010,0.83,12.087147561790047
10,100,ucb(c=0.003),20011,0.78,7.456487544334587
10,100,ucb(c=0.003),20012,0.9,7.23729446598508
10,100,ucb(c=0.003),20013,0.71,4.279532811756538
10,100,ucb(c=0.003),20014,0.89,11.116270186708352
10,100,ucb(c=0.003),20015,0.81,13.078876026612718
10,100,ucb(c=0.003),20016,0.89,7.463312176860086
10,100,ucb(c=0.003),20017,0.69,26.998970867011273
10,100,ucb(c=0.003),20018,0.79,10.87486689550463
10,100,ucb(c=0.003),20019,0.79,7.293924677581455
10,100,ucb(c=0.003),20020,0.86,9.966175253351564
10,100,ucb(c=0.003),20021,0.81,9.809850112784751
10,100,ucb(c=0.003),20022,0.74,6.258467239186009
10,100,ucb(c=0.003),20023,0.87,7.44097714681944
10,100,ucb(c=0.003),20024,0.87,6.168698499572569
10,100,ucb(c=0.003),20025,0.68,6.703198587412206
10,100,ucb(c=0.003),20026,0.86,4.447384442734833
10,100,ucb(c=0.003),20027,0.46,4.135748825872705
10,100,ucb(c=0.003),20028,0.83,17.956856482113
10,100,ucb(c=0.003),20029,0.9,8.02091636476824
10,1000,epsgreedy const,20000,0.838,64.82567195183013
10,1000,epsgreedy const,20001,0.889,76.47546930027076
10,1000,epsgreedy const,20002,0.903,54.250834675699764
10,1000,epsgreedy const,20003,0.78,60.48173637086691
10,1000,epsgreedy const,20004,0.743,55.682334347816756
10,1000,epsgreedy const,20005,0.953,46.120517727196145
10,1000,epsgreedy const,20006,0.845,56.911645093453295
10,1000,epsgreedy const,20007,0.944,39.632933308551756
10,1000,epsgreedy const,20008,0.902,37.07725539907306
10,1000,epsgreedy const,20009,0.861,63.30117987732025
10,1000,epsgreedy const,20010,0.919,55.01225429154624
10,1000,epsgreedy const,20011,0.794,90.25459165634143
10,1000,epsgreedy const,20012,0.888,91.22069282197651
10,1000,epsgreedy const,20013,0.719,69.97461176056703
10,1000,epsgreedy const,20014,0.943,47.17434417146302
10,1000,epsgreedy const,20015,0.84,53.33300666874291
10,1000,epsgreedy const,20016,0.921,49.009344285537544
10,1000,epsgreedy const,20017,0.916,55.65000365765989
10,1000,epsgreedy const,20018,0.754,117.9458823881836
10,1000,epsgreedy const,20019,0.794,48.88281484789195
10,1000,epsgreedy const,20020,0.9,40.228909551999365
10,1000,epsgreedy const,20021,0.844,76.67307512819357
10,1000,epsgreedy const,20022,0.728,42.12669386400008
10,1000,epsgreedy const,20023,0.919,37.51845828101976
10,1000,epsgreedy const,20024,0.894,50.85430161129071
10,1000,epsgreedy const,20025,0.644,33.05086637645438
10,1000,epsgreedy const,20026,0.85,94.9348401886185
10,1000,epsgreedy const,20027,0.492,28.72201980471479
10,1000,epsgreedy const,20028,0.92,71.51034574150533
10,1000,epsgreedy const,20029,0.919,57.18933115892697
10,1000,epsgreedy optimistic decay=0.90,20000,0.828,75.57353681229435
10,1000,epsgreedy optimistic decay=0.90,20001,0.927,32.91925781585078
10,1000,epsgreedy optimistic decay=0.90,20002,0.948,8.215368147216648
10,1000,epsgreedy optimistic decay=0.90,20003,0.588,268.5173352185864
10,1000,epsgreedy optimistic decay=0.90,20004,0.767,24.58696679952003
10,1000,epsgreedy optimistic decay=0.90,20005,0.989,8.838572356514481
10,1000,epsgreedy optimistic decay=0.90,20006,0.567,333.48287243421476
10,1000,epsgreedy optimistic decay=0.90,20007,0.981,8.201327607169349
10,1000,epsgreedy optimistic decay=0.90,20008,0.899,33.05831747683031
10,1000,epsgreedy optimistic decay=0.90,20009,0.919,6.488955039009188
10,1000,epsgreedy optimistic decay=0.90,20010,0.975,7.243623906437091
10,1000,epsgreedy optimistic decay=0.90,20011,0.657,240.96583790685156
10,1000,epsgreedy optimistic decay=0.90,20012,0.98,9.547694586611806
10,1000,epsgreedy optimistic decay=0.90,20013,0.645,150.72718452884354
10,1000,epsgreedy optimistic decay=0.90,20014,0.98,8.530111211399939
10,1000,epsgreedy optimistic decay=0.90,20015,0.889,7.763754719538151
10,1000,epsgreedy optimistic decay=0.90,20016,0.964,6.399725570398882
10,1000,epsgreedy optimistic decay=0.90,20017,0.972,6.3855707810760585
10,1000,epsgreedy optimistic decay=0.90,20018,0.865,12.793997786860102
10,1000,epsgreedy optimistic decay=0.90,20019,0.836,8.321668476691919
10,1000,epsgreedy optimistic decay=0.90,20020,0.938,6.490854804673118
10,1000,epsgreedy optimistic decay=0.90,20021,0.913,7.75799393289509
10,1000,epsgreedy optimistic decay=0.90,20022,0.703,70.1630193781779
10,1000,epsgreedy optimistic decay=0.90,20023,0.946,18.30365759678192
10,1000,epsgreedy optimistic decay=0.90,20024,0.932,8.218633281640598
10,1000,epsgreedy optimistic decay=0.90,20025,0.674,5.750312269907801
10,1000,epsgreedy optimistic decay=0.90,20026,0.93,5.581010670399935
10,1000,epsgreedy optimistic decay=0.90,20027,0.356,156.87348085764535
10,1000,epsgreedy optimistic decay=0.90,20028,0.975,7.564394986635206
10,1000,epsgreedy optimistic decay=0.90,20029,0.969,8.207578287119695
10,1000,"thompson Beta(5,5)",20000,0.88,20.94355371301978
10,1000,"thompson Beta(5,5)",20001,0.923,37.612457884149116
10,1000,"thompson Beta(5,5)",20002,0.948,6.52519193642807
10,1000,"thompson Beta(5,5)",20003,0.822,22.48549564055881
10,1000,"thompson Beta(5,5)",20004,0.751,34.40619259402881
10,1000,"thompson Beta(5,5)",20005,0.98,10.668760550112225
10,1000,"thompson Beta(5,5)",20006,0.883,22.173983285746733
10,1000,"thompson Beta(5,5)",20007,0.907,87.7222503293634
10,1000,"thompson Beta(5,5)",20008,0.909,26.35123062047665
10,1000,"thompson Beta(5,5)",20009,0.906,21.4628448346575
10,1000,"thompson Beta(5,5)",20010,0.968,15.14423668169469
10,1000,"thompson Beta(5,5)",20011,0.863,18.20872141180083
10,1000,"thompson Beta(5,5)",20012,0.958,29.91662836635995
10,1000,"thompson Beta(5,5)",20013,0.759,30.966755511407868
10,1000,"thompson Beta(5,5)",20014,0.97,18.036225618562355
10,1000,"thompson Beta(5,5)",20015,0.878,19.388319337679462
10,1000,"thompson Beta(5,5)",20016,0.958,12.630251911157227
10,1000,"thompson Beta(5,5)",20017,0.969,10.214860479817157
10,1000,"thompson Beta(5,5)",20018,0.84,34.06232997415182
10,1000,"thompson Beta(5,5)",20019,0.815,20.296683737040272
10,1000,"thompson Beta(5,5)",20020,0.937,10.183243637839588
10,1000,"thompson Beta(5,5)",20021,0.897,18.852789476280858
10,1000,"thompson Beta(5,5)",20022,0.724,51.055021693968826
10,1000,"thompson Beta(5,5)",20023,0.947,17.811851722479215
10,1000,"thompson Beta(5,5)",20024,0.924,16.199657949022342
10,1000,"thompson Beta(5,5)",20025,0.636,47.350348517842676
10,1000,"thompson Beta(5,5)",20026,0.925,10.591361553837373
10,1000,"thompson Beta(5,5)",20027,0.474,46.559986863142036
10,1000,"thompson Beta(5,5)",20028,0.965,21.454533669958977
10,1000,"thompson Beta(5,5)",20029,0.954,19.346859903804056
10,1000,ucb(c=0.003),20000,0.897,5.823140906039869
10,1000,ucb(c=0.003),20001,0.949,6.54155032774616
10,1000,ucb(c=0.003),20002,0.78,170.33026463933444
10,1000,ucb(c=0.003),20003,0.598,262.5429890753902
10,1000,ucb(c=0.003),20004,0.706,83.08322110081069
10,1000,ucb(c=0.003),20005,0.989,9.04645889739569
10,1000,ucb(c=0.003),20006,0.768,133.5744749728653
10,1000,ucb(c=0.003),20007,0.981,11.102982464794557
10,1000,ucb(c=0.003),20008,0.896,42.83789826586167
10,1000,ucb(c=0.003),20009,0.919,9.69922353342077
10,1000,ucb(c=0.003),20010,0.916,69.91116655061599
10,1000,ucb(c=0.003),20011,0.877,7.456487544334587
10,1000,ucb(c=0.003),20012,0.979,7.23729446598508
10,1000,ucb(c=0.003),20013,0.782,4.279532811756538
10,1000,ucb(c=0.003),20014,0.98,11.116270186708352
10,1000,ucb(c=0.003),20015,0.811,82.41028239845873
10,1000,ucb(c=0.003),20016,0.964,7.463312176860086
10,1000,ucb(c=0.003),20017,0.737,252.8586672378573
10,1000,ucb(c=0.003),20018,0.861,10.87486689550463
10,1000,ucb(c=0.003),20019,0.837,7.293924677581455
10,1000,ucb(c=0.003),20020,0.908,40.91828470662494
10,1000,ucb(c=0.003),20021,0.91,9.809850112784751
10,1000,ucb(c=0.003),20022,0.746,29.205073955334022
10,1000,ucb(c=0.003),20023,0.958,7.44097714681944
10,1000,ucb(c=0.003),20024,0.932,6.168698499572569
10,1000,ucb(c=0.003),20025,0.656,17.030199612052687
10,1000,ucb(c=0.003),20026,0.93,4.447384442734833
10,1000,ucb(c=0.003),20027,0.51,4.135748825872705
10,1000,ucb(c=0.003),20028,0.968,17.956856482113
10,1000,ucb(c=0.003),20029,0.969,8.02091636476824
10,10000,epsgreedy const,20000,0.8515,490.64810875448813
10,10000,epsgreedy const,20001,0.9121,473.7195861000784
10,10000,epsgreedy const,20002,0.9105,412.1941543736953
10,10000,epsgreedy const,20003,0.8269,409.0563008107595
10,10000,epsgreedy const,20004,0.7699,274.4297583938769
10,10000,epsgreedy const,20005,0.9582,377.0713538205785
10,10000,epsgreedy const,20006,0.8431,548.6124469922511
10,10000,epsgreedy const,20007,0.9445,417.3568182209835
10,10000,epsgreedy const,20008,0.8955,324.55733743155855
10,10000,epsgreedy const,20009,0.8639,619.2737031401667
10,10000,epsgreedy const,20010,0.9317,476.29128614391647
10,10000,epsgreedy const,20011,0.8283,552.6488328492256
10,10000,epsgreedy const,20012,0.9278,572.9540098245141
10,10000,epsgreedy const,20013,0.7643,414.99765321766387
10,10000,epsgreedy const,20014,0.9407,447.4668398536561
10,10000,epsgreedy const,20015,0.8624,411.3969852439052
10,10000,epsgreedy const,20016,0.9269,438.00083031074
10,10000,epsgreedy const,20017,0.9315,385.4815115010625
10,10000,epsgreedy const,20018,0.8238,469.4241527396659
10,10000,epsgreedy const,20019,0.804,407.21466358071797
10,10000,epsgreedy const,20020,0.9107,402.69213479703984
10,10000,epsgreedy const,20021,0.8811,484.26535160352097
10,10000,epsgreedy const,20022,0.7242,385.6671616060776
10,10000,epsgreedy const,20023,0.9299,412.5059329170384
10,10000,epsgreedy const,20024,0.8946,470.4559124940914
10,10000,epsgreedy const,20025,0.619,339.4677501431762
10,10000,epsgreedy const,20026,0.8733,578.706604787002
10,10000,epsgreedy const,20027,0.4986,199.55879064895552
10,10000,epsgreedy const,20028,0.9273,590.6997495421343
10,10000,epsgreedy const,20029,0.9219,558.5604666488939
10,10000,epsgreedy optimistic decay=0.90,20000,0.8335,680.1889322103252
10,10000,epsgreedy optimistic decay=0.90,20001,0.9293,275.34292947901815
10,10000,epsgreedy optimistic decay=0.90,20002,0.9509,8.215368147216648
10,10000,epsgreedy optimistic decay=0.90,20003,0.5985,2668.16977683062
10,10000,epsgreedy optimistic decay=0.90,20004,0.7716,224.27547536338668
10,10000,epsgreedy optimistic decay=0.90,20005,0.9953,8.838572356514481
10,10000,epsgreedy optimistic decay=0.90,20006,0.5665,3317.0306051741613
10,10000,epsgreedy optimistic decay=0.90,20007,0.9854,8.201327607169349
10,10000,epsgreedy optimistic decay=0.90,20008,0.924,33.05831747683031
10,10000,epsgreedy optimistic decay=0.90,20009,0.9269,6.488955039009188
10,10000,epsgreedy optimistic decay=0.90,20010,0.9818,7.243623906437091
10,10000,epsgreedy optimistic decay=0.90,20011,0.6422,2368.6098569195915
10,10000,epsgreedy optimistic decay=0.90,20012,0.9858,9.547694586611806
10,10000,epsgreedy optimistic decay=0.90,20013,0.6581,1484.9225160316005
10,10000,epsgreedy optimistic decay=0.90,20014,0.9863,8.530111211399939
10,10000,epsgreedy optimistic decay=0.90,20015,0.9017,7.763754719538151
10,10000,epsgreedy optimistic decay=0.90,20016,0.9699,6.399725570398882
10,10000,epsgreedy optimistic decay=0.90,20017,0.972,6.3855707810760585
10,10000,epsgreedy optimistic decay=0.90,20018,0.8712,12.793997786860102
10,10000,epsgreedy optimistic decay=0.90,20019,0.8428,8.321668476691919
10,10000,epsgreedy optimistic decay=0.90,20020,0.948,6.490854804673118
10,10000,epsgreedy optimistic decay=0.90,20021,0.927,7.75799393289509
10,10000,epsgreedy optimistic decay=0.90,20022,0.732,300.3965315803179
10,10000,epsgreedy optimistic decay=0.90,20023,0.9594,121.3695479266691
10,10000,epsgreedy optimistic decay=0.90,20024,0.9405,8.218633281640598
10,10000,epsgreedy optimistic decay=0.90,20025,0.6522,5.750312269907801
10,10000,epsgreedy optimistic decay=0.90,20026,0.9275,5.581010670399935
10,10000,epsgreedy optimistic decay=0.90,20027,0.3756,1413.8154092673121
10,10000,epsgreedy optimistic decay=0.90,20028,0.9836,7.564394986635206
10,10000,epsgreedy optimistic decay=0.90,20029,0.978,8.207578287119695
10,10000,"thompson Beta(5,5)",20000,0.9009,22.341378405833638
10,10000,"thompson Beta(5,5)",20001,0.9386,203.91659385850878
10,10000,"thompson Beta(5,5)",20002,0.9507,6.809999765721419
10,10000,"thompson Beta(5,5)",20003,0.863,28.53285057751146
10,10000,"thompson Beta(5,5)",20004,0.7878,51.66460670609467
10,10000,"thompson Beta(5,5)",20005,0.9944,10.668760550112225
10,10000,"thompson Beta(5,5)",20006,0.8957,22.303471929927003
10,10000,"thompson Beta(5,5)",20007,0.978,87.7222503293634
10,10000,"thompson Beta(5,5)",20008,0.9248,29.68950960213873
10,10000,"thompson Beta(5,5)",20009,0.9256,21.4628448346575
10,10000,"thompson Beta(5,5)",20010,0.9811,15.14423668169469
10,10000,"thompson Beta(5,5)",20011,0.8825,21.74472694909075
10,10000,"thompson Beta(5,5)",20012,0.9719,141.55834462032377
10,10000,"thompson Beta(5,5)",20013,0.798,49.12913069949186
10,10000,"thompson Beta(5,5)",20014,0.9853,18.036225618562355
10,10000,"thompson Beta(5,5)",20015,0.9002,22.483729254594436
10,10000,"thompson Beta(5,5)",20016,0.9693,13.070192007457436
10,10000,"thompson Beta(5,5)",20017,0.9717,10.214860479817157
10,10000,"thompson Beta(5,5)",20018,0.8676,44.53333088595241
10,10000,"thompson Beta(5,5)",20019,0.8395,27.189459927721867
10,10000,"thompson Beta(5,5)",20020,0.9479,10.481644110750986
10,10000,"thompson Beta(5,5)",20021,0.9254,19.004186259019434
10,10000,"thompson Beta(5,5)",20022,0.7556,90.40151173185764
10,10000,"thompson Beta(5,5)",20023,0.9595,120.87774205236609
10,10000,"thompson Beta(5,5)",20024,0.9397,16.470962953426998
10,10000,"thompson Beta(5,5)",20025,0.6427,111.09085749668911
10,10000,"thompson Beta(5,5)",20026,0.9269,11.356683678771365
10,10000,"thompson Beta(5,5)",20027,0.5118,79.49383577281088
10,10000,"thompson Beta(5,5)",20028,0.9826,21.454533669958977
10,10000,"thompson Beta(5,5)",20029,0.9765,19.346859903804056
10,10000,ucb(c=0.003),20000,0.9028,5.823140906039869
10,10000,ucb(c=0.003),20001,0.9609,6.54155032774616
10,10000,ucb(c=0.003),20002,0.7817,1685.6538627862203
10,10000,ucb(c=0.003),20003,0.6051,2606.973532887562
10,10000,ucb(c=0.003),20004,0.7137,798.4389810765074
10,10000,ucb(c=0.003),20005,0.9953,9.04645889739569
10,10000,ucb(c=0.003),20006,0.7662,1298.9722725953104
10,10000,ucb(c=0.003),20007,0.9854,11.102982464794557
10,10000,ucb(c=0.003),20008,0.9237,42.83789826586167
10,10000,ucb(c=0.003),20009,0.9269,9.69922353342077
10,10000,ucb(c=0.003),20010,0.9195,648.1513564389173
10,10000,ucb(c=0.003),20011,0.8842,7.456487544334587
10,10000,ucb(c=0.003),20012,0.9857,7.23729446598508
10,10000,ucb(c=0.003),20013,0.8027,4.279532811756538
10,10000,ucb(c=0.003),20014,0.9863,11.116270186708352
10,10000,ucb(c=0.003),20015,0.8281,769.2090268857725
10,10000,ucb(c=0.003),20016,0.9699,7.463312176860086
10,10000,ucb(c=0.003),20017,0.7172,2511.455630946492
10,10000,ucb(c=0.003),20018,0.8708,10.87486689550463
10,10000,ucb(c=0.003),20019,0.8429,7.293924677581455
10,10000,ucb(c=0.003),20020,0.9125,350.43937923929957
10,10000,ucb(c=0.003),20021,0.9267,9.809850112784751
10,10000,ucb(c=0.003),20022,0.7364,259.38742315472655
10,10000,ucb(c=0.003),20023,0.9707,7.44097714681944
10,10000,ucb(c=0.003),20024,0.9405,6.168698499572569
10,10000,ucb(c=0.003),20025,0.6412,120.30020985845749
10,10000,ucb(c=0.003),20026,0.9275,4.447384442734833
10,10000,ucb(c=0.003),20027,0.5187,4.135748825872705
10,10000,ucb(c=0.003),20028,0.9829,17.956856482113
10,10000,ucb(c=0.003),20029,0.978,8.02091636476824
100,100,epsgreedy const,20000,0.74,21.277710867831125
100,100,epsgreedy const,20001,0.63,42.283192771040504
100,100,epsgreedy const,20002,0.67,30.79300469919157
100,100,epsgreedy const,20003,0.88,9.311365533041526
100,100,epsgreedy const,20004,0.8,17.351432029423442
100,100,epsgreedy const,20005,0.7,29.78496104562921
100,100,epsgreedy const,20006,0.9,6.349261896217887
100,100,epsgreedy const,20007,0.5,39.785952619346325
100,100,epsgreedy const,20008,0.75,25.237190554187215
100,100,epsgreedy const,20009,0.9,8.920650442076736
100,100,epsgreedy const,20010,0.7,25.769970183120122
100,100,epsgreedy const,20011,0.69,27.99624680113284
100,100,epsgreedy const,20012,0.74,20.50401031320397
100,100,epsgreedy const,20013,0.55,37.03266757473706
100,100,epsgreedy const,20014,0.83,15.389736296171732
100,100,epsgreedy const,20015,0.75,23.758135571107438
100,100,epsgreedy const,20016,0.76,24.156184031716897
100,100,epsgreedy const,20017,0.85,15.701469227645614
100,100,epsgreedy const,20018,0.8,18.814754696465247
100,100,epsgreedy const,20019,0.42,50.416987347875306
100,100,epsgreedy const,20020,0.77,22.72945253478451
100,100,epsgreedy const,20021,0.86,11.272687386448407
100,100,epsgreedy const,20022,0.82,21.022803691149115
100,100,epsgreedy const,20023,0.65,27.23900801084027
100,100,epsgreedy const,20024,0.43,55.43633847862381
100,100,epsgreedy const,20025,0.87,17.35754835497689
100,100,epsgreedy const,20026,0.65,31.477562369660035
100,100,epsgreedy const,20027,0.58,38.44644649818116
100,100,epsgreedy const,20028,0.84,13.986400622567492
100,100,epsgreedy const,20029,0.87,10.585719104330192
100,100,epsgreedy optimistic decay=0.90,20000,0.54,41.26530290617643
100,100,epsgreedy optimistic decay=0.90,20001,0.62,43.50119548322501
100,100,epsgreedy optimistic decay=0.90,20002,0.57,44.496539386545564
100,100,epsgreedy optimistic decay=0.90,20003,0.49,51.186753929225
100,100,epsgreedy optimistic decay=0.90,20004,0.5,46.92890333748316
100,100,epsgreedy optimistic decay=0.90,20005,0.48,44.58380227453776
100,100,epsgreedy optimistic decay=0.90,20006,0.56,43.579658126238755
100,100,epsgreedy optimistic decay=0.90,20007,0.53,41.63288148702029
100,100,epsgreedy optimistic decay=0.90,20008,0.57,42.75397377485259
100,100,epsgreedy optimistic decay=0.90,20009,0.6,40.93923476256559
100,100,epsgreedy optimistic decay=0.90,20010,0.51,45.324769504189
100,100,epsgreedy optimistic decay=0.90,20011,0.46,49.67270200384496
100,100,epsgreedy optimistic decay=0.90,20012,0.47,46.92868081815366
100,100,epsgreedy optimistic decay=0.90,20013,0.49,44.46732491684707
100,100,epsgreedy optimistic decay=0.90,20014,0.56,41.753230051736445
100,100,epsgreedy optimistic decay=0.90,20015,0.65,40.4795519615289
100,100,epsgreedy optimistic decay=0.90,20016,0.56,45.106897721463
100,100,epsgreedy optimistic decay=0.90,20017,0.54,43.34362678685115
100,100,epsgreedy optimistic decay=0.90,20018,0.57,42.57131283678368
100,100,epsgreedy optimistic decay=0.90,20019,0.56,40.05891095230012
100,100,epsgreedy optimistic decay=0.90,20020,0.59,42.809794726844295
100,100,epsgreedy optimistic decay=0.90,20021,0.5,49.83078595293251
100,100,epsgreedy optimistic decay=0.90,20022,0.6,46.99857240047055
100,100,epsgreedy optimistic decay=0.90,20023,0.51,44.397916610220086
100,100,epsgreedy optimistic decay=0.90,20024,0.56,43.72051411053407
100,100,epsgreedy optimistic decay=0.90,20025,0.63,43.59293556975438
100,100,epsgreedy optimistic decay=0.90,20026,0.49,48.051848763307845
100,100,epsgreedy optimistic decay=0.90,20027,0.53,46.21344162834791
100,100,epsgreedy optimistic decay=0.90,20028,0.56,45.361913943068224
100,100,epsgreedy optimistic decay=0.90,20029,0.53,40.39129091980011
100,100,"thompson Beta(5,5)",20000,0.58,36.784308173303984
100,100,"thompson Beta(5,5)",20001,0.69,37.05515752052081
100,100,"thompson Beta(5,5)",20002,0.63,41.43429344853418
100,100,"thompson Beta(5,5)",20003,0.49,51.14510106159119
100,100,"thompson Beta(5,5)",20004,0.52,49.116799470506095
100,100,"thompson Beta(5,5)",20005,0.54,42.66307683077378
100,100,"thompson Beta(5,5)",20006,0.55,43.96599226683212
100,100,"thompson Beta(5,5)",20007,0.59,41.282594866091735
100,100,"thompson Beta(5,5)",20008,0.62,42.206526892352834
100,100,"thompson Beta(5,5)",20009,0.57,39.87136385006279
100,100,"thompson Beta(5,5)",20010,0.64,35.486263268465606
100,100,"thompson Beta(5,5)",20011,0.53,43.80657517387607
100,100,"thompson Beta(5,5)",20012,0.44,48.728318393535524
100,100,"thompson Beta(5,5)",20013,0.48,42.03172895951138
100,100,"thompson Beta(5,5)",20014,0.62,39.96220785098504
100,100,"thompson Beta(5,5)",20015,0.64,39.196025775122976
100,100,"thompson Beta(5,5)",20016,0.59,40.36133673312906
100,100,"thompson Beta(5,5)",20017,0.52,42.24509793367517
100,100,"thompson Beta(5,5)",20018,0.59,42.52533199942733
100,100,"thompson Beta(5,5)",20019,0.52,39.834396367952635
100,100,"thompson Beta(5,5)",20020,0.56,40.34743387572024
100,100,"thompson Beta(5,5)",20021,0.54,44.04418880878109
100,100,"thompson Beta(5,5)",20022,0.59,49.28885001088694
100,100,"thompson Beta(5,5)",20023,0.48,47.126021117149165
100,100,"thompson Beta(5,5)",20024,0.6,40.767470356167834
100,100,"thompson Beta(5,5)",20025,0.68,40.14884543461395
100,100,"thompson Beta(5,5)",20026,0.56,45.1868834618139
100,100,"thompson Beta(5,5)",20027,0.57,40.59618302755031
100,100,"thompson Beta(5,5)",20028,0.57,46.86069725024191
100,100,"thompson Beta(5,5)",20029,0.46,41.248273857057676
100,100,ucb(c=0.003),20000,0.45,48.56612132094452
100,100,ucb(c=0.003),20001,0.52,47.92210105514841
100,100,ucb(c=0.003),20002,0.49,49.79072916095559
100,100,ucb(c=0.003),20003,0.49,50.54236242917753
100,100,ucb(c=0.003),20004,0.42,51.91626848200373
100,100,ucb(c=0.003),20005,0.49,50.90019078733949
100,100,ucb(c=0.003),20006,0.55,47.91404633813167
100,100,ucb(c=0.003),20007,0.5,47.07208168790943
100,100,ucb(c=0.003),20008,0.53,48.009505642112465
100,100,ucb(c=0.003),20009,0.54,47.13352885688356
100,100,ucb(c=0.003),20010,0.51,48.972528656419406
100,100,ucb(c=0.003),20011,0.53,54.15789911342642
100,100,ucb(c=0.003),20012,0.41,51.336347572353766
100,100,ucb(c=0.003),20013,0.47,48.5851272289914
100,100,ucb(c=0.003),20014,0.57,44.95073521818066
100,100,ucb(c=0.003),20015,0.56,45.98516339238063
100,100,ucb(c=0.003),20016,0.57,47.38675176552365
100,100,ucb(c=0.003),20017,0.47,48.40936416403288
100,100,ucb(c=0.003),20018,0.48,49.37696907236953
100,100,ucb(c=0.003),20019,0.49,48.31033814608527
100,100,ucb(c=0.003),20020,0.54,45.96020961946348
100,100,ucb(c=0.003),20021,0.43,51.5683589883782
100,100,ucb(c=0.003),20022,0.44,53.993613800503205
100,100,ucb(c=0.003),20023,0.4,49.12491687535555
100,100,ucb(c=0.003),20024,0.44,50.07532534385011
100,100,ucb(c=0.003),20025,0.62,47.6408433523575
100,100,ucb(c=0.003),20026,0.42,50.370942054924924
100,100,ucb(c=0.003),20027,0.49,49.60079600729201
100,100,ucb(c=0.003),20028,0.46,51.202467474079
100,100,ucb(c=0.003),20029,0.46,46.895537528282645
100,1000,epsgreedy const,20000,0.862,124.06979165381073
100,1000,epsgreedy const,20001,0.797,210.6372154770472
100,1000,epsgreedy const,20002,0.879,106.14633065347945
100,1000,epsgreedy const,20003,0.911,84.82120755179751
100,1000,epsgreedy const,20004,0.868,125.28673737746189
100,1000,epsgreedy const,20005,0.855,138.9601231769573
100,1000,epsgreedy const,20006,0.917,75.1626333396312
100,1000,epsgreedy const,20007,0.851,127.79499767349931
100,1000,epsgreedy const,20008,0.862,139.63987607820007
100,1000,epsgreedy const,20009,0.901,94.08410322067967
100,1000,epsgreedy const,20010,0.874,117.98847147355916
100,1000,epsgreedy const,20011,0.886,111.37150995628042
100,1000,epsgreedy const,20012,0.895,99.15555136005148
100,1000,epsgreedy const,20013,0.843,154.63268250831084
100,1000,epsgreedy const,20014,0.898,91.11718015681797
100,1000,epsgreedy const,20015,0.858,119.85682396626548
100,1000,epsgreedy const,20016,0.89,102.32872847469962
100,1000,epsgreedy const,20017,0.861,118.7706477732346
100,1000,epsgreedy const,20018,0.89,99.54563821249708
100,1000,epsgreedy const,20019,0.844,146.61959856508315
100,1000,epsgreedy const,20020,0.868,110.32004491316414
100,1000,epsgreedy const,20021,0.916,65.60340933217823
100,1000,epsgreedy const,20022,0.902,97.35197345509376
100,1000,epsgreedy const,20023,0.881,93.26060718254747
100,1000,epsgreedy const,20024,0.847,151.7011174992334
100,1000,epsgreedy const,20025,0.898,91.53990590712326
100,1000,epsgreedy const,20026,0.834,179.78739213879135
100,1000,epsgreedy const,20027,0.835,158.00778393734524
100,1000,epsgreedy const,20028,0.915,78.65791494974415
100,1000,epsgreedy const,20029,0.877,103.90288845646052
100,1000,epsgreedy optimistic decay=0.90,20000,0.893,91.96733124768318
100,1000,epsgreedy optimistic decay=0.90,20001,0.901,102.90155776958626
100,1000,epsgreedy optimistic decay=0.90,20002,0.887,102.37206041100191
100,1000,epsgreedy optimistic decay=0.90,20003,0.901,90.98773676837804
100,1000,epsgreedy optimistic decay=0.90,20004,0.901,93.67292922945201
100,1000,epsgreedy optimistic decay=0.90,20005,0.899,83.56459995848313
100,1000,epsgreedy optimistic decay=0.90,20006,0.899,107.7470631783372
100,1000,epsgreedy optimistic decay=0.90,20007,0.895,91.6527802395605
100,1000,epsgreedy optimistic decay=0.90,20008,0.897,93.29549293924798
100,1000,epsgreedy optimistic decay=0.90,20009,0.889,104.98363620824702
100,1000,epsgreedy optimistic decay=0.90,20010,0.888,104.63152590791815
100,1000,epsgreedy optimistic decay=0.90,20011,0.901,91.79806485052383
100,1000,epsgreedy optimistic decay=0.90,20012,0.902,91.89205561819922
100,1000,epsgreedy optimistic decay=0.90,20013,0.899,93.94566588211212
100,1000,epsgreedy optimistic decay=0.90,20014,0.899,91.07233021464887
100,1000,epsgreedy optimistic decay=0.90,20015,0.894,91.5238202235755
100,1000,epsgreedy optimistic decay=0.90,20016,0.901,98.35745706301354
100,1000,epsgreedy optimistic decay=0.90,20017,0.889,84.49553604301431
100,1000,epsgreedy optimistic decay=0.90,20018,0.901,99.79279095821182
100,1000,epsgreedy optimistic decay=0.90,20019,0.89,104.46279692147444
100,1000,epsgreedy optimistic decay=0.90,20020,0.895,94.55959439105115
100,1000,epsgreedy optimistic decay=0.90,20021,0.889,96.13710387598037
100,1000,epsgreedy optimistic decay=0.90,20022,0.898,99.75016076546414
100,1000,epsgreedy optimistic decay=0.90,20023,0.889,90.36096230958144
100,1000,epsgreedy optimistic decay=0.90,20024,0.9,102.28190659512303
100,1000,epsgreedy optimistic decay=0.90,20025,0.89,96.4381449132838
100,1000,epsgreedy optimistic decay=0.90,20026,0.901,98.84881013465748
100,1000,epsgreedy optimistic decay=0.90,20027,0.895,92.62508128286281
100,1000,epsgreedy optimistic decay=0.90,20028,0.892,95.844865917085
100,1000,epsgreedy optimistic decay=0.90,20029,0.894,90.56650699619867
100,1000,"thompson Beta(5,5)",20000,0.879,100.41570156431382
100,1000,"thompson Beta(5,5)",20001,0.894,106.82638643961418
100,1000,"thompson Beta(5,5)",20002,0.929,67.36497217273975
100,1000,"thompson Beta(5,5)",20003,0.893,112.46939172442656
100,1000,"thompson Beta(5,5)",20004,0.833,157.35608278840436
100,1000,"thompson Beta(5,5)",20005,0.874,115.20114955301362
100,1000,"thompson Beta(5,5)",20006,0.907,93.74179079971226
100,1000,"thompson Beta(5,5)",20007,0.885,114.98960119177616
100,1000,"thompson Beta(5,5)",20008,0.875,122.13411074202155
100,1000,"thompson Beta(5,5)",20009,0.877,110.71166712494431
100,1000,"thompson Beta(5,5)",20010,0.885,117.59501984334479
100,1000,"thompson Beta(5,5)",20011,0.911,87.36655675988764
100,1000,"thompson Beta(5,5)",20012,0.904,87.93969631520828
100,1000,"thompson Beta(5,5)",20013,0.854,132.2214019111547
100,1000,"thompson Beta(5,5)",20014,0.895,94.49308139693771
100,1000,"thompson Beta(5,5)",20015,0.895,94.26242839176084
100,1000,"thompson Beta(5,5)",20016,0.923,75.82248446390989
100,1000,"thompson Beta(5,5)",20017,0.895,86.25582486337753
100,1000,"thompson Beta(5,5)",20018,0.883,120.01277960924091
100,1000,"thompson Beta(5,5)",20019,0.907,76.04730918514069
100,1000,"thompson Beta(5,5)",20020,0.88,108.05058625698949
100,1000,"thompson Beta(5,5)",20021,0.872,108.27237694264736
100,1000,"thompson Beta(5,5)",20022,0.868,136.32124718583435
100,1000,"thompson Beta(5,5)",20023,0.87,111.94338201886784
100,1000,"thompson Beta(5,5)",20024,0.892,105.64852268231016
100,1000,"thompson Beta(5,5)",20025,0.864,140.40359654161273
100,1000,"thompson Beta(5,5)",20026,0.848,166.68299016233
100,1000,"thompson Beta(5,5)",20027,0.872,113.4641101077007
100,1000,"thompson Beta(5,5)",20028,0.899,91.9024091320411
100,1000,"thompson Beta(5,5)",20029,0.89,87.53480077063669
100,1000,ucb(c=0.003),20000,0.89,89.23810401003529
100,1000,ucb(c=0.003),20001,0.901,95.38368961022749
100,1000,ucb(c=0.003),20002,0.892,90.74156723656606
100,1000,ucb(c=0.003),20003,0.899,101.63223260176187
100,1000,ucb(c=0.003),20004,0.901,95.5542634965939
100,1000,ucb(c=0.003),20005,0.899,92.25534642399118
100,1000,ucb(c=0.003),20006,0.899,112.77730793466813
100,1000,ucb(c=0.003),20007,0.893,97.79456195034014
100,1000,ucb(c=0.003),20008,0.898,95.67873423906939
100,1000,ucb(c=0.003),20009,0.888,98.5291840950541
100,1000,ucb(c=0.003),20010,0.898,104.41680677162009
100,1000,ucb(c=0.003),20011,0.9,100.7646351808293
100,1000,ucb(c=0.003),20012,0.902,92.41272207649679
100,1000,ucb(c=0.003),20013,0.899,92.68381726302566
100,1000,ucb(c=0.003),20014,0.899,96.89637820978832
100,1000,ucb(c=0.003),20015,0.894,85.74476297450185
100,1000,ucb(c=0.003),20016,0.901,105.31429891821097
100,1000,ucb(c=0.003),20017,0.882,95.01574610488224
100,1000,ucb(c=0.003),20018,0.901,99.144009498404
100,1000,ucb(c=0.003),20019,0.897,88.1407750702514
100,1000,ucb(c=0.003),20020,0.894,101.64209691176578
100,1000,ucb(c=0.003),20021,0.889,91.33790410364054
100,1000,ucb(c=0.003),20022,0.897,93.8985186098102
100,1000,ucb(c=0.003),20023,0.889,81.23361055402982
100,1000,ucb(c=0.003),20024,0.9,88.69279620314043
100,1000,ucb(c=0.003),20025,0.854,133.33775933204717
100,1000,ucb(c=0.003),20026,0.9,92.79439527814624
100,1000,ucb(c=0.003),20027,0.889,95.15040332991758
100,1000,ucb(c=0.003),20028,0.895,91.43770922390765
100,1000,ucb(c=0.003),20029,0.895,87.31217077886461
100,10000,epsgreedy const,20000,0.9187,694.3547907234082
100,10000,epsgreedy const,20001,0.9339,656.3993286901547
100,10000,epsgreedy const,20002,0.9278,560.026300946733
100,10000,epsgreedy const,20003,0.9432,535.7306460793554
100,10000,epsgreedy const,20004,0.9385,610.0571741630174
100,10000,epsgreedy const,20005,0.9098,835.4367056853121
100,10000,epsgreedy const,20006,0.9422,535.6307697302676
100,10000,epsgreedy const,20007,0.9288,593.1434718501874
100,10000,epsgreedy const,20008,0.9259,657.6913128554354
100,10000,epsgreedy const,20009,0.9289,574.45418354995
100,10000,epsgreedy const,20010,0.9357,583.0895788335051
100,10000,epsgreedy const,20011,0.938,606.0763375941373
100,10000,epsgreedy const,20012,0.939,601.12884998864
100,10000,epsgreedy const,20013,0.9359,626.0979016641276
100,10000,epsgreedy const,20014,0.9406,519.07124870089
100,10000,epsgreedy const,20015,0.9129,734.7629651966727
100,10000,epsgreedy const,20016,0.9378,607.7828424903626
100,10000,epsgreedy const,20017,0.9154,581.7630755445108
100,10000,epsgreedy const,20018,0.9344,560.9504495819413
100,10000,epsgreedy const,20019,0.9307,611.2861663633179
100,10000,epsgreedy const,20020,0.9352,547.4885391902147
100,10000,epsgreedy const,20021,0.922,643.6497138375543
100,10000,epsgreedy const,20022,0.9323,575.9577553022039
100,10000,epsgreedy const,20023,0.9281,551.7504734942853
100,10000,epsgreedy const,20024,0.9368,632.4629483934395
100,10000,epsgreedy const,20025,0.9258,568.5374826409221
100,10000,epsgreedy const,20026,0.9255,720.2263581267458
100,10000,epsgreedy const,20027,0.9345,579.6827159488221
100,10000,epsgreedy const,20028,0.9311,584.3463356041577
100,10000,epsgreedy const,20029,0.9217,669.2014294151891
100,10000,epsgreedy optimistic decay=0.90,20000,0.98,91.96733124768318
100,10000,epsgreedy optimistic decay=0.90,20001,0.9895,102.90155776958626
100,10000,epsgreedy optimistic decay=0.90,20002,0.9622,228.06487785560287
100,10000,epsgreedy optimistic decay=0.90,20003,0.9895,90.98773676837804
100,10000,epsgreedy optimistic decay=0.90,20004,0.9888,93.67292922945201
100,10000,epsgreedy optimistic decay=0.90,20005,0.9863,83.56459995848313
100,10000,epsgreedy optimistic decay=0.90,20006,0.9846,136.48367045270518
100,10000,epsgreedy optimistic decay=0.90,20007,0.9768,110.1546155078991
100,10000,epsgreedy optimistic decay=0.90,20008,0.9827,93.29549293924798
100,10000,epsgreedy optimistic decay=0.90,20009,0.9742,125.48456997676053
100,10000,epsgreedy optimistic decay=0.90,20010,0.9698,246.6545048744342
100,10000,epsgreedy optimistic decay=0.90,20011,0.9894,91.79806485052383
100,10000,epsgreedy optimistic decay=0.90,20012,0.9887,92.51266033689872
100,10000,epsgreedy optimistic decay=0.90,20013,0.9879,93.94566588211212
100,10000,epsgreedy optimistic decay=0.90,20014,0.9824,91.62861877476956
100,10000,epsgreedy optimistic decay=0.90,20015,0.9783,91.5238202235755
100,10000,epsgreedy optimistic decay=0.90,20016,0.9892,98.35745706301354
100,10000,epsgreedy optimistic decay=0.90,20017,0.9615,101.90653027452558
100,10000,epsgreedy optimistic decay=0.90,20018,0.9829,99.79279095821182
100,10000,epsgreedy optimistic decay=0.90,20019,0.9803,104.46279692147444
100,10000,epsgreedy optimistic decay=0.90,20020,0.9816,94.55959439105115
100,10000,epsgreedy optimistic decay=0.90,20021,0.9702,170.07092252496213
100,10000,epsgreedy optimistic decay=0.90,20022,0.9804,99.75016076546414
100,10000,epsgreedy optimistic decay=0.90,20023,0.9751,90.36096230958144
100,10000,epsgreedy optimistic decay=0.90,20024,0.9894,102.28190659512303
100,10000,epsgreedy optimistic decay=0.90,20025,0.9716,96.4381449132838
100,10000,epsgreedy optimistic decay=0.90,20026,0.9853,98.84881013465748
100,10000,epsgreedy optimistic decay=0.90,20027,0.9822,97.53641747986005
100,10000,epsgreedy optimistic decay=0.90,20028,0.9806,95.844865917085
100,10000,epsgreedy optimistic decay=0.90,20029,0.9804,90.56650699619867
100,10000,"thompson Beta(5,5)",20000,0.9582,297.54907642803715
100,10000,"thompson Beta(5,5)",20001,0.9637,361.09708772793107
100,10000,"thompson Beta(5,5)",20002,0.9792,67.56664379277217
100,10000,"thompson Beta(5,5)",20003,0.9827,171.78523146308473
100,10000,"thompson Beta(5,5)",20004,0.973,248.85633676223824
100,10000,"thompson Beta(5,5)",20005,0.9838,115.20114955301362
100,10000,"thompson Beta(5,5)",20006,0.9847,127.43915301140943
100,10000,"thompson Beta(5,5)",20007,0.95,416.30221664617807
100,10000,"thompson Beta(5,5)",20008,0.9519,401.9645835822731
100,10000,"thompson Beta(5,5)",20009,0.9555,311.62547408667143
100,10000,"thompson Beta(5,5)",20010,0.9853,117.59501984334479
100,10000,"thompson Beta(5,5)",20011,0.9904,87.36655675988764
100,10000,"thompson Beta(5,5)",20012,0.9889,87.93969631520828
100,10000,"thompson Beta(5,5)",20013,0.946,521.4893817261233
100,10000,"thompson Beta(5,5)",20014,0.9545,372.5696511806
100,10000,"thompson Beta(5,5)",20015,0.9595,263.80813314785826
100,10000,"thompson Beta(5,5)",20016,0.9721,289.4185402530915
100,10000,"thompson Beta(5,5)",20017,0.9621,103.94818249498695
100,10000,"thompson Beta(5,5)",20018,0.9683,265.96297280148707
100,10000,"thompson Beta(5,5)",20019,0.9713,185.7897547981608
100,10000,"thompson Beta(5,5)",20020,0.9644,262.7890138108504
100,10000,"thompson Beta(5,5)",20021,0.9684,182.58120581120025
100,10000,"thompson Beta(5,5)",20022,0.9719,191.81609999201174
100,10000,"thompson Beta(5,5)",20023,0.9557,291.9694379817572
100,10000,"thompson Beta(5,5)",20024,0.9709,274.88302299292917
100,10000,"thompson Beta(5,5)",20025,0.9578,263.2608199035284
100,10000,"thompson Beta(5,5)",20026,0.9553,435.70463714851513
100,10000,"thompson Beta(5,5)",20027,0.9293,627.3367061627254
100,10000,"thompson Beta(5,5)",20028,0.9813,91.9024091320411
100,10000,"thompson Beta(5,5)",20029,0.9569,328.0975715691518
100,10000,ucb(c=0.003),20000,0.9797,89.23810401003529
100,10000,ucb(c=0.003),20001,0.9895,95.38368961022749
100,10000,ucb(c=0.003),20002,0.9756,90.74156723656606
100,10000,ucb(c=0.003),20003,0.985,132.18551288125985
100,10000,ucb(c=0.003),20004,0.9888,95.5542634965939
100,10000,ucb(c=0.003),20005,0.9863,92.25534642399118
100,10000,ucb(c=0.003),20006,0.9844,141.83730558816072
100,10000,ucb(c=0.003),20007,0.9766,116.29639721867873
100,10000,ucb(c=0.003),20008,0.9828,95.67873423906939
100,10000,ucb(c=0.003),20009,0.974,119.85767849275531
100,10000,ucb(c=0.003),20010,0.9866,104.41680677162009
100,10000,ucb(c=0.003),20011,0.9893,100.7646351808293
100,10000,ucb(c=0.003),20012,0.9883,100.20299365836472
100,10000,ucb(c=0.003),20013,0.9879,92.68381726302566
100,10000,ucb(c=0.003),20014,0.9825,96.89637820978832
100,10000,ucb(c=0.003),20015,0.9783,85.74476297450185
100,10000,ucb(c=0.003),20016,0.9892,105.31429891821097
100,10000,ucb(c=0.003),20017,0.953,175.21485241950455
100,10000,ucb(c=0.003),20018,0.9829,99.1479045096935
100,10000,ucb(c=0.003),20019,0.981,88.1407750702514
100,10000,ucb(c=0.003),20020,0.9815,101.64209691176578
100,10000,ucb(c=0.003),20021,0.9702,165.45772805634368
100,10000,ucb(c=0.003),20022,0.9803,93.8985186098102
100,10000,ucb(c=0.003),20023,0.9751,81.23361055402982
100,10000,ucb(c=0.003),20024,0.9894,88.69279620314043
100,10000,ucb(c=0.003),20025,0.9279,543.6990130287566
100,10000,ucb(c=0.003),20026,0.9852,92.79439527814624
100,10000,ucb(c=0.003),20027,0.9816,100.06173952691482
100,10000,ucb(c=0.003),20028,0.9802,95.95123333478433
100,10000,ucb(c=0.003),20029,0.9805,87.31217077886461
1000,100,epsgreedy const,20000,0.54,37.97113392746736
1000,100,epsgreedy const,20001,0.86,19.783088762686354
1000,100,epsgreedy const,20002,0.55,49.21431056241562
1000,100,epsgreedy const,20003,0.59,36.37034970862837
1000,100,epsgreedy const,20004,0.73,23.22592214111374
1000,100,epsgreedy const,20005,0.81,16.228172858079848
1000,100,epsgreedy const,20006,0.56,39.63533520496802
1000,100,epsgreedy const,20007,0.55,46.73008532316083
1000,100,epsgreedy const,20008,0.77,25.532113970446773
1000,100,epsgreedy const,20009,0.77,21.17891518112384
1000,100,epsgreedy const,20010,0.84,18.651843687947455
1000,100,epsgreedy const,20011,0.79,20.848625005689595
1000,100,epsgreedy const,20012,0.62,32.615181140716466
1000,100,epsgreedy const,20013,0.77,17.517099212145908
1000,100,epsgreedy const,20014,0.84,14.606314494330963
1000,100,epsgreedy const,20015,0.85,14.66614870252923
1000,100,epsgreedy const,20016,0.54,47.74250497576476
1000,100,epsgreedy const,20017,0.59,41.29557471934857
1000,100,epsgreedy const,20018,0.71,29.76248708720029
1000,100,epsgreedy const,20019,0.88,9.347816991626877
1000,100,epsgreedy const,20020,0.87,8.469459880638137
1000,100,epsgreedy const,20021,0.87,11.199987492120448
1000,100,epsgreedy const,20022,0.82,22.238106924763613
1000,100,epsgreedy const,20023,0.43,48.69239366373368
1000,100,epsgreedy const,20024,0.9,8.209418068944359
1000,100,epsgreedy const,20025,0.81,30.911577088171224
1000,100,epsgreedy const,20026,0.64,36.65291642711158
1000,100,epsgreedy const,20027,0.74,22.74335925473306
1000,100,epsgreedy const,20028,0.56,39.64439127311644
1000,100,epsgreedy const,20029,0.8,18.71710477220036
1000,100,epsgreedy optimistic decay=0.90,20000,0.43,51.22816442123724
1000,100,epsgreedy optimistic decay=0.90,20001,0.53,45.43569674135847
1000,100,epsgreedy optimistic decay=0.90,20002,0.47,49.5485176482099
1000,100,epsgreedy optimistic decay=0.90,20003,0.49,49.81161403555602
1000,100,epsgreedy optimistic decay=0.90,20004,0.5,48.81248339420475
1000,100,epsgreedy optimistic decay=0.90,20005,0.48,49.45293252658057
1000,100,epsgreedy optimistic decay=0.90,20006,0.5,52.97469137329535
1000,100,epsgreedy optimistic decay=0.90,20007,0.44,51.25014902555748
1000,100,epsgreedy optimistic decay=0.90,20008,0.6,49.43957884776828
1000,100,epsgreedy optimistic decay=0.90,20009,0.56,42.40764599513208
1000,100,epsgreedy optimistic decay=0.90,20010,0.48,48.12518352829005
1000,100,epsgreedy optimistic decay=0.90,20011,0.6,43.86717011543665
1000,100,epsgreedy optimistic decay=0.90,20012,0.49,50.48138207823361
1000,100,epsgreedy optimistic decay=0.90,20013,0.48,46.12044001923102
1000,100,epsgreedy optimistic decay=0.90,20014,0.53,44.67151088484223
1000,100,epsgreedy optimistic decay=0.90,20015,0.51,51.38398466966754
1000,100,epsgreedy optimistic decay=0.90,20016,0.52,46.23908444152142
1000,100,epsgreedy optimistic decay=0.90,20017,0.48,49.7649214309072
1000,100,epsgreedy optimistic decay=0.90,20018,0.61,42.86187713148083
1000,100,epsgreedy optimistic decay=0.90,20019,0.4,50.78710290751124
1000,100,epsgreedy optimistic decay=0.90,20020,0.52,52.44319657435723
1000,100,epsgreedy optimistic decay=0.90,20021,0.52,51.480156349101286
1000,100,epsgreedy optimistic decay=0.90,20022,0.52,45.63489544682487
1000,100,epsgreedy optimistic decay=0.90,20023,0.5,47.975198319512636
1000,100,epsgreedy optimistic decay=0.90,20024,0.52,44.14830204071443
1000,100,epsgreedy optimistic decay=0.90,20025,0.56,50.50424298371763
1000,100,epsgreedy optimistic decay=0.90,20026,0.5,49.941194542488184
1000,100,epsgreedy optimistic decay=0.90,20027,0.4,53.079013893935695
1000,100,epsgreedy optimistic decay=0.90,20028,0.56,50.60326462639025
1000,100,epsgreedy optimistic decay=0.90,20029,0.5,51.12731052756444
1000,100,"thompson Beta(5,5)",20000,0.37,57.35515112800886
1000,100,"thompson Beta(5,5)",20001,0.49,50.64841827528018
1000,100,"thompson Beta(5,5)",20002,0.51,49.422501891801254
1000,100,"thompson Beta(5,5)",20003,0.48,46.95887272838214
1000,100,"thompson Beta(5,5)",20004,0.45,55.413776228351615
1000,100,"thompson Beta(5,5)",20005,0.58,45.88385606060536
1000,100,"thompson Beta(5,5)",20006,0.51,46.91993187633638
1000,100,"thompson Beta(5,5)",20007,0.51,52.850337624668015
1000,100,"thompson Beta(5,5)",20008,0.48,51.94212769810063
1000,100,"thompson Beta(5,5)",20009,0.52,51.66158672811951
1000,100,"thompson Beta(5,5)",20010,0.54,42.812841316932506
1000,100,"thompson Beta(5,5)",20011,0.47,47.596546998221335
1000,100,"thompson Beta(5,5)",20012,0.44,49.715018111635885
1000,100,"thompson Beta(5,5)",20013,0.51,50.48708085035817
1000,100,"thompson Beta(5,5)",20014,0.54,48.427520026071356
1000,100,"thompson Beta(5,5)",20015,0.53,53.63818432950005
1000,100,"thompson Beta(5,5)",20016,0.52,51.539044485594815
1000,100,"thompson Beta(5,5)",20017,0.52,49.41720626566296
1000,100,"thompson Beta(5,5)",20018,0.57,47.514640366903386
1000,100,"thompson Beta(5,5)",20019,0.4,48.25277836303532
1000,100,"thompson Beta(5,5)",20020,0.49,52.86457386411059
1000,100,"thompson Beta(5,5)",20021,0.56,44.089074218070806
1000,100,"thompson Beta(5,5)",20022,0.57,48.38650198889172
1000,100,"thompson Beta(5,5)",20023,0.38,53.1485560252975
1000,100,"thompson Beta(5,5)",20024,0.46,47.162882976060466
1000,100,"thompson Beta(5,5)",20025,0.62,49.89328225921927
1000,100,"thompson Beta(5,5)",20026,0.52,49.093576160774866
1000,100,"thompson Beta(5,5)",20027,0.44,53.19167020721413
1000,100,"thompson Beta(5,5)",20028,0.49,48.834134979767974
1000,100,"thompson Beta(5,5)",20029,0.49,46.0119020961463
1000,100,ucb(c=0.003),20000,0.45,49.440190033372915
1000,100,ucb(c=0.003),20001,0.52,47.92210105514841
1000,100,ucb(c=0.003),20002,0.49,51.204299409022155
1000,100,ucb(c=0.003),20003,0.49,50.54236242917753
1000,100,ucb(c=0.003),20004,0.42,52.00571646164039
1000,100,ucb(c=0.003),20005,0.49,51.21727622326706
1000,100,ucb(c=0.003),20006,0.55,48.20417975025172
1000,100,ucb(c=0.003),20007,0.5,48.03545953585827
1000,100,ucb(c=0.003),20008,0.53,48.567819174460205
1000,100,ucb(c=0.003),20009,0.54,48.54861346892907
1000,100,ucb(c=0.003),20010,0.51,49.28681894876907
1000,100,ucb(c=0.003),20011,0.53,54.20315598621952
1000,100,ucb(c=0.003),20012,0.41,51.415342931256674
1000,100,ucb(c=0.003),20013,0.47,48.81534214815985
1000,100,ucb(c=0.003),20014,0.57,45.58934705617603
1000,100,ucb(c=0.003),20015,0.56,46.762411852770825
1000,100,ucb(c=0.003),20016,0.57,47.4420241959916
1000,100,ucb(c=0.003),20017,0.47,51.23066556389183
1000,100,ucb(c=0.003),20018,0.48,50.07398287943673
1000,100,ucb(c=0.003),20019,0.49,49.28853706078681
1000,100,ucb(c=0.003),20020,0.54,46.733021494493336
1000,100,ucb(c=0.003),20021,0.43,52.86207078673251
1000,100,ucb(c=0.003),20022,0.44,54.74596425157601
1000,100,ucb(c=0.003),20023,0.4,50.65644616056299
1000,100,ucb(c=0.003),20024,0.44,50.11512620978469
1000,100,ucb(c=0.003),20025,0.62,49.507723948204614
1000,100,ucb(c=0.003),20026,0.42,51.043296112554266
1000,100,ucb(c=0.003),20027,0.49,50.35139028901097
1000,100,ucb(c=0.003),20028,0.46,52.01146300435389
1000,100,ucb(c=0.003),20029,0.46,47.790132816448995
1000,1000,epsgreedy const,20000,0.846,141.04405914801842
1000,1000,epsgreedy const,20001,0.884,121.75902850294915
1000,1000,epsgreedy const,20002,0.826,174.52988912772707
1000,1000,epsgreedy const,20003,0.865,122.63877615585768
1000,1000,epsgreedy const,20004,0.866,126.03401253635504
1000,1000,epsgreedy const,20005,0.895,98.70728622181218
1000,1000,epsgreedy const,20006,0.831,171.74466199953994
1000,1000,epsgreedy const,20007,0.851,159.372293175326
1000,1000,epsgreedy const,20008,0.891,102.73747726306553
1000,1000,epsgreedy const,20009,0.874,127.01406999664948
1000,1000,epsgreedy const,20010,0.898,111.21024321846953
1000,1000,epsgreedy const,20011,0.869,142.5708057637852
1000,1000,epsgreedy const,20012,0.827,169.2509519025653
1000,1000,epsgreedy const,20013,0.879,115.75979056809628
1000,1000,epsgreedy const,20014,0.876,122.71472569574493
1000,1000,epsgreedy const,20015,0.882,111.93195539132917
1000,1000,epsgreedy const,20016,0.845,167.34113226753988
1000,1000,epsgreedy const,20017,0.815,188.75538219507786
1000,1000,epsgreedy const,20018,0.875,128.8109356231317
1000,1000,epsgreedy const,20019,0.907,98.3708990554966
1000,1000,epsgreedy const,20020,0.895,107.4641220918806
1000,1000,epsgreedy const,20021,0.91,83.77939429745226
1000,1000,epsgreedy const,20022,0.887,118.49002447171168
1000,1000,epsgreedy const,20023,0.778,216.02407833897536
1000,1000,epsgreedy const,20024,0.898,102.3893228165567
1000,1000,epsgreedy const,20025,0.87,147.8339325278314
1000,1000,epsgreedy const,20026,0.878,137.47055245080935
1000,1000,epsgreedy const,20027,0.859,140.36007832798344
1000,1000,epsgreedy const,20028,0.859,136.5936884064442
1000,1000,epsgreedy const,20029,0.855,140.20656280107875
1000,1000,epsgreedy optimistic decay=0.90,20000,0.53,460.344754012918
1000,1000,epsgreedy optimistic decay=0.90,20001,0.548,451.7380911983754
1000,1000,epsgreedy optimistic decay=0.90,20002,0.53,460.7889849038315
1000,1000,epsgreedy optimistic decay=0.90,20003,0.52,448.5190205591889
1000,1000,epsgreedy optimistic decay=0.90,20004,0.523,470.74860494943243
1000,1000,epsgreedy optimistic decay=0.90,20005,0.549,460.779853781246
1000,1000,epsgreedy optimistic decay=0.90,20006,0.563,440.4781032432561
1000,1000,epsgreedy optimistic decay=0.90,20007,0.55,453.483854251724
1000,1000,epsgreedy optimistic decay=0.90,20008,0.555,461.4050602353498
1000,1000,epsgreedy optimistic decay=0.90,20009,0.551,442.47214453270055
1000,1000,epsgreedy optimistic decay=0.90,20010,0.561,444.28616307054534
1000,1000,epsgreedy optimistic decay=0.90,20011,0.571,434.26648081657623
1000,1000,epsgreedy optimistic decay=0.90,20012,0.541,461.5404450164157
1000,1000,epsgreedy optimistic decay=0.90,20013,0.554,431.55500610478236
1000,1000,epsgreedy optimistic decay=0.90,20014,0.572,435.6696585297813
1000,1000,epsgreedy optimistic decay=0.90,20015,0.569,439.88118067586976
1000,1000,epsgreedy optimistic decay=0.90,20016,0.568,446.1910615213006
1000,1000,epsgreedy optimistic decay=0.90,20017,0.562,451.30135196018074
1000,1000,epsgreedy optimistic decay=0.90,20018,0.544,446.61323306092805
1000,1000,epsgreedy optimistic decay=0.90,20019,0.51,457.99081613610036
1000,1000,epsgreedy optimistic decay=0.90,20020,0.556,450.94777898933535
1000,1000,epsgreedy optimistic decay=0.90,20021,0.542,443.92381571536566
1000,1000,epsgreedy optimistic decay=0.90,20022,0.552,441.63772427339296
1000,1000,epsgreedy optimistic decay=0.90,20023,0.542,451.63714596950183
1000,1000,epsgreedy optimistic decay=0.90,20024,0.558,436.7215359780118
1000,1000,epsgreedy optimistic decay=0.90,20025,0.542,446.4378288346452
1000,1000,epsgreedy optimistic decay=0.90,20026,0.561,455.1024970180651
1000,1000,epsgreedy optimistic decay=0.90,20027,0.547,452.667678218216
1000,1000,epsgreedy optimistic decay=0.90,20028,0.553,453.66633621284666
1000,1000,epsgreedy optimistic decay=0.90,20029,0.549,446.46690694618735
1000,1000,"thompson Beta(5,5)",20000,0.554,436.60868452818687
1000,1000,"thompson Beta(5,5)",20001,0.589,409.81339810232186
1000,1000,"thompson Beta(5,5)",20002,0.545,435.4821445544019
1000,1000,"thompson Beta(5,5)",20003,0.606,377.50996846670574
1000,1000,"thompson Beta(5,5)",20004,0.551,455.0378803661858
1000,1000,"thompson Beta(5,5)",20005,0.597,412.4158249071832
1000,1000,"thompson Beta(5,5)",20006,0.657,334.6799842316212
1000,1000,"thompson Beta(5,5)",20007,0.601,409.2276395527001
1000,1000,"thompson Beta(5,5)",20008,0.571,443.5570767213005
1000,1000,"thompson Beta(5,5)",20009,0.604,424.6362048236553
1000,1000,"thompson Beta(5,5)",20010,0.589,416.0670528163154
1000,1000,"thompson Beta(5,5)",20011,0.573,423.83519167485616
1000,1000,"thompson Beta(5,5)",20012,0.578,414.2546257530863
1000,1000,"thompson Beta(5,5)",20013,0.593,405.4986095271579
1000,1000,"thompson Beta(5,5)",20014,0.567,428.31013712093846
1000,1000,"thompson Beta(5,5)",20015,0.628,367.2542155971142
1000,1000,"thompson Beta(5,5)",20016,0.666,353.51081789905
1000,1000,"thompson Beta(5,5)",20017,0.602,407.2347987185656
1000,1000,"thompson Beta(5,5)",20018,0.557,430.16991959468726
1000,1000,"thompson Beta(5,5)",20019,0.551,415.50421063109974
1000,1000,"thompson Beta(5,5)",20020,0.569,425.0649313096906
1000,1000,"thompson Beta(5,5)",20021,0.565,423.57485197369067
1000,1000,"thompson Beta(5,5)",20022,0.581,424.0466549648739
1000,1000,"thompson Beta(5,5)",20023,0.555,415.03031737442666
1000,1000,"thompson Beta(5,5)",20024,0.596,414.67947833612226
1000,1000,"thompson Beta(5,5)",20025,0.607,414.71271751836844
1000,1000,"thompson Beta(5,5)",20026,0.625,402.99691289511026
1000,1000,"thompson Beta(5,5)",20027,0.574,428.0269407379826
1000,1000,"thompson Beta(5,5)",20028,0.57,433.253101337718
1000,1000,"thompson Beta(5,5)",20029,0.596,397.2347931919725
1000,1000,ucb(c=0.003),20000,0.484,502.6239058960995
1000,1000,ucb(c=0.003),20001,0.497,497.2051406805546
1000,1000,ucb(c=0.003),20002,0.474,505.4841856217096
1000,1000,ucb(c=0.003),20003,0.477,494.6572193582851
1000,1000,ucb(c=0.003),20004,0.483,513.5878167605873
1000,1000,ucb(c=0.003),20005,0.506,504.79414120759014
1000,1000,ucb(c=0.003),20006,0.508,493.1373987629447
1000,1000,ucb(c=0.003),20007,0.512,493.0268030760927
1000,1000,ucb(c=0.003),20008,0.495,516.1362655317248
1000,1000,ucb(c=0.003),20009,0.504,495.00754766017457
1000,1000,ucb(c=0.003),20010,0.518,495.5074652052455
1000,1000,ucb(c=0.003),20011,0.538,489.2209102464879
1000,1000,ucb(c=0.003),20012,0.485,503.07171314755
1000,1000,ucb(c=0.003),20013,0.515,486.9778326454434
1000,1000,ucb(c=0.003),20014,0.519,487.3012563962693
1000,1000,ucb(c=0.003),20015,0.503,500.0622690383854
1000,1000,ucb(c=0.003),20016,0.502,496.9803954039184
1000,1000,ucb(c=0.003),20017,0.505,496.29016116726285
1000,1000,ucb(c=0.003),20018,0.494,497.2953287860387
1000,1000,ucb(c=0.003),20019,0.498,501.3174149715443
1000,1000,ucb(c=0.003),20020,0.495,506.2172412958467
1000,1000,ucb(c=0.003),20021,0.481,494.5896999942888
1000,1000,ucb(c=0.003),20022,0.507,492.4871733175442
1000,1000,ucb(c=0.003),20023,0.468,504.7839203965127
1000,1000,ucb(c=0.003),20024,0.52,487.28454876857336
1000,1000,ucb(c=0.003),20025,0.527,492.74042721161317
1000,1000,ucb(c=0.003),20026,0.5,491.8420710644397
1000,1000,ucb(c=0.003),20027,0.512,495.62216802569833
1000,1000,ucb(c=0.003),20028,0.493,501.78658167518904
1000,1000,ucb(c=0.003),20029,0.508,490.3014093760299
1000,10000,epsgreedy const,20000,0.9107,831.6498584485805
1000,10000,epsgreedy const,20001,0.9142,850.8675391016129
1000,10000,epsgreedy const,20002,0.9101,898.2222856526114
1000,10000,epsgreedy const,20003,0.9146,870.4095400059124
1000,10000,epsgreedy const,20004,0.9154,815.3613068802752
1000,10000,epsgreedy const,20005,0.9194,767.188639873234
1000,10000,epsgreedy const,20006,0.9101,900.5794878541915
1000,10000,epsgreedy const,20007,0.911,894.8105524080316
1000,10000,epsgreedy const,20008,0.9148,823.9073567768804
1000,10000,epsgreedy const,20009,0.9132,870.1084277180004
1000,10000,epsgreedy const,20010,0.919,825.6524336201463
1000,10000,epsgreedy const,20011,0.9211,803.0522595889234
1000,10000,epsgreedy const,20012,0.9125,873.8713324078818
1000,10000,epsgreedy const,20013,0.9144,860.9560079433097
1000,10000,epsgreedy const,20014,0.9133,859.3154932404829
1000,10000,epsgreedy const,20015,0.9117,852.7730530912839
1000,10000,epsgreedy const,20016,0.9076,901.5164500233392
1000,10000,epsgreedy const,20017,0.9072,930.1243290006767
1000,10000,epsgreedy const,20018,0.9109,903.8221259383611
1000,10000,epsgreedy const,20019,0.9182,809.6417225929367
1000,10000,epsgreedy const,20020,0.9118,889.1327834747508
1000,10000,epsgreedy const,20021,0.9128,869.5016860496426
1000,10000,epsgreedy const,20022,0.9192,825.3910524253674
1000,10000,epsgreedy const,20023,0.9023,944.1927565967814
1000,10000,epsgreedy const,20024,0.9158,835.8813440000782
1000,10000,epsgreedy const,20025,0.9104,891.1642355686593
1000,10000,epsgreedy const,20026,0.9135,931.7066319796652
1000,10000,epsgreedy const,20027,0.9133,880.3302540939914
1000,10000,epsgreedy const,20028,0.9109,896.231354596512
1000,10000,epsgreedy const,20029,0.905,920.7659678143441
1000,10000,epsgreedy optimistic decay=0.90,20000,0.8989,965.4276664015341
1000,10000,epsgreedy optimistic decay=0.90,20001,0.8996,994.5378992657191
1000,10000,epsgreedy optimistic decay=0.90,20002,0.9001,976.1075451881713
1000,10000,epsgreedy optimistic decay=0.90,20003,0.9,971.1706852030925
1000,10000,epsgreedy optimistic decay=0.90,20004,0.8998,975.7738353869704
1000,10000,epsgreedy optimistic decay=0.90,20005,0.8989,990.5032802166775
1000,10000,epsgreedy optimistic decay=0.90,20006,0.9001,1014.4639997850771
1000,10000,epsgreedy optimistic decay=0.90,20007,0.8979,997.6263962677826
1000,10000,epsgreedy optimistic decay=0.90,20008,0.8996,994.9215031417814
1000,10000,epsgreedy optimistic decay=0.90,20009,0.8998,939.683462302513
1000,10000,epsgreedy optimistic decay=0.90,20010,0.8999,1008.9619194966772
1000,10000,epsgreedy optimistic decay=0.90,20011,0.9002,983.1870007625688
1000,10000,epsgreedy optimistic decay=0.90,20012,0.8995,995.5726591599139
1000,10000,epsgreedy optimistic decay=0.90,20013,0.9001,983.2697024712104
1000,10000,epsgreedy optimistic decay=0.90,20014,0.8985,994.7221101120541
1000,10000,epsgreedy optimistic decay=0.90,20015,0.8984,987.0443167565928
1000,10000,epsgreedy optimistic decay=0.90,20016,0.9,999.1808318979062
1000,10000,epsgreedy optimistic decay=0.90,20017,0.899,1032.0541226291089
1000,10000,epsgreedy optimistic decay=0.90,20018,0.8998,988.500276548421
1000,10000,epsgreedy optimistic decay=0.90,20019,0.9005,939.1402658900375
1000,10000,epsgreedy optimistic decay=0.90,20020,0.8997,984.4754784512578
1000,10000,epsgreedy optimistic decay=0.90,20021,0.9001,985.2342460226715
1000,10000,epsgreedy optimistic decay=0.90,20022,0.8998,1013.3627510356165
1000,10000,epsgreedy optimistic decay=0.90,20023,0.8989,995.966078363396
1000,10000,epsgreedy optimistic decay=0.90,20024,0.9001,959.8855743289282
1000,10000,epsgreedy optimistic decay=0.90,20025,0.9002,990.2289267230157
1000,10000,epsgreedy optimistic decay=0.90,20026,0.9,1054.6808591272593
1000,10000,epsgreedy optimistic decay=0.90,20027,0.8985,1010.6364920199895
1000,10000,epsgreedy optimistic decay=0.90,20028,0.8998,1003.680614499502
1000,10000,epsgreedy optimistic decay=0.90,20029,0.8987,1004.7018594977502
1000,10000,"thompson Beta(5,5)",20000,0.9261,722.179405140736
1000,10000,"thompson Beta(5,5)",20001,0.9392,579.7957239692406
1000,10000,"thompson Beta(5,5)",20002,0.934,622.3371274192643
1000,10000,"thompson Beta(5,5)",20003,0.9203,793.9012957701901
1000,10000,"thompson Beta(5,5)",20004,0.9426,575.7814929767737
1000,10000,"thompson Beta(5,5)",20005,0.927,708.7383519203131
1000,10000,"thompson Beta(5,5)",20006,0.947,537.9087672525035
1000,10000,"thompson Beta(5,5)",20007,0.9368,617.779637972527
1000,10000,"thompson Beta(5,5)",20008,0.947,540.726572486855
1000,10000,"thompson Beta(5,5)",20009,0.9341,679.570929107004
1000,10000,"thompson Beta(5,5)",20010,0.923,779.2769773223265
1000,10000,"thompson Beta(5,5)",20011,0.9301,728.9081731122537
1000,10000,"thompson Beta(5,5)",20012,0.9305,675.0307866523027
1000,10000,"thompson Beta(5,5)",20013,0.9499,512.7063080808002
1000,10000,"thompson Beta(5,5)",20014,0.9318,672.9142000131646
1000,10000,"thompson Beta(5,5)",20015,0.9523,428.51737502613463
1000,10000,"thompson Beta(5,5)",20016,0.9622,393.80252183586816
1000,10000,"thompson Beta(5,5)",20017,0.9298,704.2993898848324
1000,10000,"thompson Beta(5,5)",20018,0.9385,584.0845541179492
1000,10000,"thompson Beta(5,5)",20019,0.9315,671.9836837525296
1000,10000,"thompson Beta(5,5)",20020,0.9017,936.7224039179022
1000,10000,"thompson Beta(5,5)",20021,0.9366,642.5624563524441
1000,10000,"thompson Beta(5,5)",20022,0.932,654.004574475265
1000,10000,"thompson Beta(5,5)",20023,0.9462,496.56418775145596
1000,10000,"thompson Beta(5,5)",20024,0.9373,619.192028923847
1000,10000,"thompson Beta(5,5)",20025,0.9506,501.0168493797237
1000,10000,"thompson Beta(5,5)",20026,0.9026,1034.5569875387496
1000,10000,"thompson Beta(5,5)",20027,0.9268,742.4024916420373
1000,10000,"thompson Beta(5,5)",20028,0.9213,778.4067601078848
1000,10000,"thompson Beta(5,5)",20029,0.9264,724.9982951705445
1000,10000,ucb(c=0.003),20000,0.899,987.2472438302771
1000,10000,ucb(c=0.003),20001,0.8997,971.9854030047228
1000,10000,ucb(c=0.003),20002,0.9001,974.8558646201997
1000,10000,ucb(c=0.003),20003,0.8999,966.3038736179749
1000,10000,ucb(c=0.003),20004,0.9002,961.157078375144
1000,10000,ucb(c=0.003),20005,0.8992,976.4163409853154
1000,10000,ucb(c=0.003),20006,0.9001,1003.3554174532361
1000,10000,ucb(c=0.003),20007,0.8984,995.6530177132032
1000,10000,ucb(c=0.003),20008,0.8995,1010.5282742507592
1000,10000,ucb(c=0.003),20009,0.8997,994.8627235680295
1000,10000,ucb(c=0.003),20010,0.8995,982.0750654371468
1000,10000,ucb(c=0.003),20011,0.9003,1025.0520041326865
1000,10000,ucb(c=0.003),20012,0.8996,970.9261789311158
1000,10000,ucb(c=0.003),20013,0.9003,1007.7499236344554
1000,10000,ucb(c=0.003),20014,0.8996,980.5630503615923
1000,10000,ucb(c=0.003),20015,0.8979,1002.2507952189446
1000,10000,ucb(c=0.003),20016,0.9001,978.837586098629
1000,10000,ucb(c=0.003),20017,0.8995,997.8627565296804
1000,10000,ucb(c=0.003),20018,0.8992,1021.4517200669684
1000,10000,ucb(c=0.003),20019,0.9005,960.9869959929193
1000,10000,ucb(c=0.003),20020,0.8999,1000.9311289309147
1000,10000,ucb(c=0.003),20021,0.9002,983.1730645556332
1000,10000,ucb(c=0.003),20022,0.8998,971.7003487397367
1000,10000,ucb(c=0.003),20023,0.8985,989.4950921293506
1000,10000,ucb(c=0.003),20024,0.9001,1007.6798829962468
1000,10000,ucb(c=0.003),20025,0.9003,1011.2033238908349
1000,10000,ucb(c=0.003),20026,0.9001,1042.3393715649888
1000,10000,ucb(c=0.003),20027,0.8995,1028.5668150500499
1000,10000,ucb(c=0.003),20028,0.8998,983.4940122926945
1000,10000,ucb(c=0.003),20029,0.8983,994.7708229506509
