suite,algorithm,environment_seed,final_avg_reward,total_regret
uniform,epsgreedy const,30000,0.8645,212.40506833393562
uniform,epsgreedy const,30001,0.911,146.61274006227262
uniform,epsgreedy const,30002,0.8925,202.46723512400595
uniform,epsgreedy const,30003,0.921,150.59469930498167
uniform,epsgreedy const,30004,0.889,174.73397552282123
uniform,epsgreedy const,30005,0.8825,237.52836510443203
uniform,epsgreedy const,30006,0.9275,140.76007745160862
uniform,epsgreedy const,30007,0.897,198.84958907347357
uniform,epsgreedy const,30008,0.917,141.66156546344203
uniform,epsgreedy const,30009,0.9235,135.40364919695654
uniform,epsgreedy const,30010,0.903,170.79414680717375
uniform,epsgreedy const,30011,0.9155,167.45091761949348
uniform,epsgreedy const,30012,0.867,254.50569986023646
uniform,epsgreedy const,30013,0.882,234.04233999354997
uniform,epsgreedy const,30014,0.9035,152.11099965401047
uniform,epsgreedy const,30015,0.902,169.5973270514052
uniform,epsgreedy const,30016,0.9225,149.6902611040318
uniform,epsgreedy const,30017,0.9145,141.1757281813351
uniform,epsgreedy const,30018,0.8335,296.46323731183196
uniform,epsgreedy const,30019,0.898,201.85639097887432
uniform,epsgreedy const,30020,0.913,177.67078816071992
uniform,epsgreedy const,30021,0.9055,163.44418290612674
uniform,epsgreedy const,30022,0.916,157.53342706373516
uniform,epsgreedy const,30023,0.823,321.603545174529
uniform,epsgreedy const,30024,0.9175,154.6237137925232
uniform,epsgreedy const,30025,0.9315,152.12988115840753
uniform,epsgreedy const,30026,0.888,219.7522881313301
uniform,epsgreedy const,30027,0.899,191.83636336250902
uniform,epsgreedy const,30028,0.9055,148.67520339105437
uniform,epsgreedy const,30029,0.8875,162.72057796000175
uniform,epsgreedy optimistic decay=0.90,30000,0.869,216.25629451211364
uniform,epsgreedy optimistic decay=0.90,30001,0.918,127.20629658919394
uniform,epsgreedy optimistic decay=0.90,30002,0.9395,114.82210697858534
uniform,epsgreedy optimistic decay=0.90,30003,0.948,91.61470725711528
uniform,epsgreedy optimistic decay=0.90,30004,0.923,108.60230446634044
uniform,epsgreedy optimistic decay=0.90,30005,0.9505,100.85208407554123
uniform,epsgreedy optimistic decay=0.90,30006,0.949,97.43228074404276
uniform,epsgreedy optimistic decay=0.90,30007,0.9455,97.4919843914481
uniform,epsgreedy optimistic decay=0.90,30008,0.9465,89.73592524740057
uniform,epsgreedy optimistic decay=0.90,30009,0.9505,100.27491707969679
uniform,epsgreedy optimistic decay=0.90,30010,0.9285,101.20030879916052
uniform,epsgreedy optimistic decay=0.90,30011,0.9505,92.73756203961916
uniform,epsgreedy optimistic decay=0.90,30012,0.9455,87.20143700966455
uniform,epsgreedy optimistic decay=0.90,30013,0.9505,98.21622362898096
uniform,epsgreedy optimistic decay=0.90,30014,0.941,88.1549172639619
uniform,epsgreedy optimistic decay=0.90,30015,0.9385,95.01830875071762
uniform,epsgreedy optimistic decay=0.90,30016,0.9475,99.54360727457633
uniform,epsgreedy optimistic decay=0.90,30017,0.938,84.34534443783271
uniform,epsgreedy optimistic decay=0.90,30018,0.928,83.04635797971251
uniform,epsgreedy optimistic decay=0.90,30019,0.9485,99.5567785991816
uniform,epsgreedy optimistic decay=0.90,30020,0.9505,102.39280969139516
uniform,epsgreedy optimistic decay=0.90,30021,0.9425,86.30341453452897
uniform,epsgreedy optimistic decay=0.90,30022,0.948,97.34100412494253
uniform,epsgreedy optimistic decay=0.90,30023,0.9375,94.26677675452693
uniform,epsgreedy optimistic decay=0.90,30024,0.9435,99.98172838626857
uniform,epsgreedy optimistic decay=0.90,30025,0.9505,110.60650953560007
uniform,epsgreedy optimistic decay=0.90,30026,0.949,88.93229771427404
uniform,epsgreedy optimistic decay=0.90,30027,0.945,99.58452617853159
uniform,epsgreedy optimistic decay=0.90,30028,0.936,91.95042680748719
uniform,epsgreedy optimistic decay=0.90,30029,0.9025,123.67394809565721
uniform,"thompson Beta(5,5)",30000,0.9165,132.25912896455347
uniform,"thompson Beta(5,5)",30001,0.882,189.1406929784685
uniform,"thompson Beta(5,5)",30002,0.8955,191.39640107489294
uniform,"thompson Beta(5,5)",30003,0.953,91.16565064199767
uniform,"thompson Beta(5,5)",30004,0.898,175.64884400754286
uniform,"thompson Beta(5,5)",30005,0.9285,151.40853556407143
uniform,"thompson Beta(5,5)",30006,0.9235,150.4248450648873
uniform,"thompson Beta(5,5)",30007,0.945,101.38471845700596
uniform,"thompson Beta(5,5)",30008,0.941,101.28105288787864
uniform,"thompson Beta(5,5)",30009,0.932,136.4957687675542
uniform,"thompson Beta(5,5)",30010,0.954,56.718367007585016
uniform,"thompson Beta(5,5)",30011,0.9475,95.40347064398284
uniform,"thompson Beta(5,5)",30012,0.8995,173.0362142492532
uniform,"thompson Beta(5,5)",30013,0.894,222.57647939649885
uniform,"thompson Beta(5,5)",30014,0.889,187.44641909206123
uniform,"thompson Beta(5,5)",30015,0.916,140.48796002614873
uniform,"thompson Beta(5,5)",30016,0.94,111.64302383690311
uniform,"thompson Beta(5,5)",30017,0.943,78.78205811075402
uniform,"thompson Beta(5,5)",30018,0.945,55.49537739255212
uniform,"thompson Beta(5,5)",30019,0.9085,170.58563023634392
uniform,"thompson Beta(5,5)",30020,0.9305,138.7373615058193
uniform,"thompson Beta(5,5)",30021,0.9345,103.05409998393293
uniform,"thompson Beta(5,5)",30022,0.9345,127.61947084091543
uniform,"thompson Beta(5,5)",30023,0.9185,127.28329661445625
uniform,"thompson Beta(5,5)",30024,0.9645,68.60142526251825
uniform,"thompson Beta(5,5)",30025,0.934,126.35858898746108
uniform,"thompson Beta(5,5)",30026,0.95,98.94492904145132
uniform,"thompson Beta(5,5)",30027,0.9475,103.47609857604357
uniform,"thompson Beta(5,5)",30028,0.925,118.02638971889066
uniform,"thompson Beta(5,5)",30029,0.897,133.91070835194438
uniform,ucb(c=0.003),30000,0.93,88.6512200475056
uniform,ucb(c=0.003),30001,0.932,94.51267732239079
uniform,ucb(c=0.003),30002,0.939,105.09952636618567
uniform,ucb(c=0.003),30003,0.9465,103.4051026501214
uniform,ucb(c=0.003),30004,0.9,150.62395503101231
uniform,ucb(c=0.003),30005,0.9505,104.02657160388247
uniform,ucb(c=0.003),30006,0.949,99.38294126052132
uniform,ucb(c=0.003),30007,0.946,96.7086463684365
uniform,ucb(c=0.003),30008,0.9465,86.01677700234656
uniform,ucb(c=0.003),30009,0.9505,98.03868097531617
uniform,ucb(c=0.003),30010,0.9305,108.8279356623539
uniform,ucb(c=0.003),30011,0.951,93.4750704252382
uniform,ucb(c=0.003),30012,0.945,86.82839251550031
uniform,ucb(c=0.003),30013,0.9505,92.16175481252087
uniform,ucb(c=0.003),30014,0.9405,78.29664025249267
uniform,ucb(c=0.003),30015,0.9385,87.70888614702044
uniform,ucb(c=0.003),30016,0.9475,101.58956549223159
uniform,ucb(c=0.003),30017,0.9385,86.58011463831899
uniform,ucb(c=0.003),30018,0.928,95.89894244326983
uniform,ucb(c=0.003),30019,0.9485,99.41266285437868
uniform,ucb(c=0.003),30020,0.9505,89.24478682773363
uniform,ucb(c=0.003),30021,0.9425,92.30032523342015
uniform,ucb(c=0.003),30022,0.9475,93.12881349642166
uniform,ucb(c=0.003),30023,0.941,91.03323924899999
uniform,ucb(c=0.003),30024,0.9495,103.87810928321849
uniform,ucb(c=0.003),30025,0.9505,103.95261609850441
uniform,ucb(c=0.003),30026,0.949,97.21809102705767
uniform,ucb(c=0.003),30027,0.944,96.08262336393723
uniform,ucb(c=0.003),30028,0.9305,99.41463930068684
uniform,ucb(c=0.003),30029,0.924,83.60495361271055
small-gap,epsgreedy const,30000,0.514,30.69980133310144
small-gap,epsgreedy const,30001,0.4955,25.801503480382266
small-gap,epsgreedy const,30002,0.515,23.184614320417122
small-gap,epsgreedy const,30003,0.501,23.13363288447349
small-gap,epsgreedy const,30004,0.508,26.775958843901854
small-gap,epsgreedy const,30005,0.502,30.55484401113513
small-gap,epsgreedy const,30006,0.4965,23.64643093069004
small-gap,epsgreedy const,30007,0.501,24.024334551701827
small-gap,epsgreedy const,30008,0.4835,30.7177156777684
small-gap,epsgreedy const,30009,0.501,30.89830820664877
small-gap,epsgreedy const,30010,0.4895,26.297211382451998
small-gap,epsgreedy const,30011,0.5025,21.500266773894754
small-gap,epsgreedy const,30012,0.5035,32.800307531845036
small-gap,epsgreedy const,30013,0.5,31.285575312274315
small-gap,epsgreedy const,30014,0.4905,26.08713799455432
small-gap,epsgreedy const,30015,0.4905,31.758784975433464
small-gap,epsgreedy const,30016,0.52,31.25495552889257
small-gap,epsgreedy const,30017,0.5055,19.749181395839468
small-gap,epsgreedy const,30018,0.508,28.340976633826074
small-gap,epsgreedy const,30019,0.512,34.532116939776
small-gap,epsgreedy const,30020,0.499,24.907566821238557
small-gap,epsgreedy const,30021,0.493,26.65901174289549
small-gap,epsgreedy const,30022,0.5055,28.50875091930136
small-gap,epsgreedy const,30023,0.5145,28.91752051086626
small-gap,epsgreedy const,30024,0.504,28.503677160910918
small-gap,epsgreedy const,30025,0.504,30.96579581490075
small-gap,epsgreedy const,30026,0.51,28.840354061579518
small-gap,epsgreedy const,30027,0.5005,18.8824068074537
small-gap,epsgreedy const,30028,0.478,26.242929668030822
small-gap,epsgreedy const,30029,0.4995,28.638431243878628
small-gap,epsgreedy optimistic decay=0.90,30000,0.5175,23.69968406718081
small-gap,epsgreedy optimistic decay=0.90,30001,0.4975,27.660684106482037
small-gap,epsgreedy optimistic decay=0.90,30002,0.5175,19.182924099485714
small-gap,epsgreedy optimistic decay=0.90,30003,0.4965,27.96306380166136
small-gap,epsgreedy optimistic decay=0.90,30004,0.5065,28.032999322138366
small-gap,epsgreedy optimistic decay=0.90,30005,0.503,29.159864404692758
small-gap,epsgreedy optimistic decay=0.90,30006,0.4975,25.39931688349267
small-gap,epsgreedy optimistic decay=0.90,30007,0.4975,35.22308379280638
small-gap,epsgreedy optimistic decay=0.90,30008,0.48,36.00462735716734
small-gap,epsgreedy optimistic decay=0.90,30009,0.4965,38.575160761833935
small-gap,epsgreedy optimistic decay=0.90,30010,0.4925,15.738595841440421
small-gap,epsgreedy optimistic decay=0.90,30011,0.5045,15.82075030745656
small-gap,epsgreedy optimistic decay=0.90,30012,0.508,21.646531568938588
small-gap,epsgreedy optimistic decay=0.90,30013,0.501,29.33018353790995
small-gap,epsgreedy optimistic decay=0.90,30014,0.4965,18.572525461357756
small-gap,epsgreedy optimistic decay=0.90,30015,0.49,30.996190928659022
small-gap,epsgreedy optimistic decay=0.90,30016,0.5235,24.93398598661057
small-gap,epsgreedy optimistic decay=0.90,30017,0.496,34.64662175722379
small-gap,epsgreedy optimistic decay=0.90,30018,0.5045,32.80001040616712
small-gap,epsgreedy optimistic decay=0.90,30019,0.52,21.80596668280325
small-gap,epsgreedy optimistic decay=0.90,30020,0.5025,15.362826435220446
small-gap,epsgreedy optimistic decay=0.90,30021,0.4855,37.46451594437309
small-gap,epsgreedy optimistic decay=0.90,30022,0.504,28.205490810129085
small-gap,epsgreedy optimistic decay=0.90,30023,0.514,27.310609840489715
small-gap,epsgreedy optimistic decay=0.90,30024,0.501,31.488747072744005
small-gap,epsgreedy optimistic decay=0.90,30025,0.5045,28.932804529606248
small-gap,epsgreedy optimistic decay=0.90,30026,0.5085,33.55671679560385
small-gap,epsgreedy optimistic decay=0.90,30027,0.4965,26.197405664651487
small-gap,epsgreedy optimistic decay=0.90,30028,0.4785,24.7234834153748
small-gap,epsgreedy optimistic decay=0.90,30029,0.5015,25.02240125563513
small-gap,"thompson Beta(5,5)",30000,0.5155,30.51046053085893
small-gap,"thompson Beta(5,5)",30001,0.4945,30.403973338884658
small-gap,"thompson Beta(5,5)",30002,0.515,27.883491399402207
small-gap,"thompson Beta(5,5)",30003,0.492,29.33821164092127
small-gap,"thompson Beta(5,5)",30004,0.506,28.495267746247276
small-gap,"thompson Beta(5,5)",30005,0.5045,29.47909048871171
small-gap,"thompson Beta(5,5)",30006,0.4955,28.72654081253074
small-gap,"thompson Beta(5,5)",30007,0.498,31.829714446914902
small-gap,"thompson Beta(5,5)",30008,0.4835,29.974159239635625
small-gap,"thompson Beta(5,5)",30009,0.4985,28.432620604673904
small-gap,"thompson Beta(5,5)",30010,0.49,26.341765547525252
small-gap,"thompson Beta(5,5)",30011,0.4985,29.217079696198034
small-gap,"thompson Beta(5,5)",30012,0.5025,30.114430321642036
small-gap,"thompson Beta(5,5)",30013,0.4985,30.7229888249641
small-gap,"thompson Beta(5,5)",30014,0.493,27.000043977006403
small-gap,"thompson Beta(5,5)",30015,0.4905,33.67680011532151
small-gap,"thompson Beta(5,5)",30016,0.522,29.326808450343147
small-gap,"thompson Beta(5,5)",30017,0.501,27.638058629473676
small-gap,"thompson Beta(5,5)",30018,0.5055,30.528860203415686
small-gap,"thompson Beta(5,5)",30019,0.5165,31.04546802565136
small-gap,"thompson Beta(5,5)",30020,0.4975,28.23035248663166
small-gap,"thompson Beta(5,5)",30021,0.494,27.194213380072096
small-gap,"thompson Beta(5,5)",30022,0.506,28.284367127033942
small-gap,"thompson Beta(5,5)",30023,0.515,28.688015679682223
small-gap,"thompson Beta(5,5)",30024,0.4995,29.791233689863525
small-gap,"thompson Beta(5,5)",30025,0.507,26.85818198365979
small-gap,"thompson Beta(5,5)",30026,0.509,28.806820864709813
small-gap,"thompson Beta(5,5)",30027,0.495,29.082777344882793
small-gap,"thompson Beta(5,5)",30028,0.4785,28.2332686565371
small-gap,"thompson Beta(5,5)",30029,0.4975,28.779712716625227
small-gap,ucb(c=0.003),30000,0.518,24.520628634524858
small-gap,ucb(c=0.003),30001,0.496,25.0448291253965
small-gap,ucb(c=0.003),30002,0.5135,29.4705895123439
small-gap,ucb(c=0.003),30003,0.5015,21.176868391533056
small-gap,ucb(c=0.003),30004,0.508,26.078288102371214
small-gap,ucb(c=0.003),30005,0.505,27.385289933437676
small-gap,ucb(c=0.003),30006,0.4965,24.901350274593334
small-gap,ucb(c=0.003),30007,0.5,32.07582292662662
small-gap,ucb(c=0.003),30008,0.486,27.67470878090485
small-gap,ucb(c=0.003),30009,0.5,30.848336422872357
small-gap,ucb(c=0.003),30010,0.486,34.37193310223369
small-gap,ucb(c=0.003),30011,0.5015,21.280803688927143
small-gap,ucb(c=0.003),30012,0.4965,43.14130254197418
small-gap,ucb(c=0.003),30013,0.498,33.41784463445989
small-gap,ucb(c=0.003),30014,0.4905,26.611455573267357
small-gap,ucb(c=0.003),30015,0.4865,35.23501485007513
small-gap,ucb(c=0.003),30016,0.5255,18.792846682319766
small-gap,ucb(c=0.003),30017,0.4985,28.601190570386308
small-gap,ucb(c=0.003),30018,0.505,30.616444131257744
small-gap,ucb(c=0.003),30019,0.521,16.368987540142506
small-gap,ucb(c=0.003),30020,0.499,17.017752235498296
small-gap,ucb(c=0.003),30021,0.4935,21.58323855554779
small-gap,ucb(c=0.003),30022,0.501,34.68633291504586
small-gap,ucb(c=0.003),30023,0.516,21.503207983657944
small-gap,ucb(c=0.003),30024,0.508,19.776617993341713
small-gap,ucb(c=0.003),30025,0.5045,23.494544540490693
small-gap,ucb(c=0.003),30026,0.5025,44.32884206008428
small-gap,ucb(c=0.003),30027,0.4905,34.140766219339305
small-gap,ucb(c=0.003),30028,0.4765,32.69381485905056
small-gap,ucb(c=0.003),30029,0.5035,19.17539387403196
clustered,epsgreedy const,30000,0.709,175.16663105162175
clustered,epsgreedy const,30001,0.6925,149.48271280360254
clustered,epsgreedy const,30002,0.7455,139.1492824043927
clustered,epsgreedy const,30003,0.686,186.236236916992
clustered,epsgreedy const,30004,0.682,238.46138078255132
clustered,epsgreedy const,30005,0.7075,205.121019148959
clustered,epsgreedy const,30006,0.682,230.04452507729388
clustered,epsgreedy const,30007,0.7135,152.86203767620665
clustered,epsgreedy const,30008,0.6925,203.0104170498759
clustered,epsgreedy const,30009,0.6975,171.86690022083755
clustered,epsgreedy const,30010,0.67,218.5396337686213
clustered,epsgreedy const,30011,0.695,254.64765732364492
clustered,epsgreedy const,30012,0.734,113.89465499691096
clustered,epsgreedy const,30013,0.7215,164.859331083466
clustered,epsgreedy const,30014,0.6815,172.07131436934452
clustered,epsgreedy const,30015,0.7385,128.10394151531924
clustered,epsgreedy const,30016,0.7255,166.67625525232054
clustered,epsgreedy const,30017,0.7045,181.37931063060566
clustered,epsgreedy const,30018,0.725,156.41642910613078
clustered,epsgreedy const,30019,0.715,160.41446783213019
clustered,epsgreedy const,30020,0.671,282.83376308841406
clustered,epsgreedy const,30021,0.6925,165.53104816999112
clustered,epsgreedy const,30022,0.745,144.7061762325897
clustered,epsgreedy const,30023,0.717,150.31856692912334
clustered,epsgreedy const,30024,0.723,124.09069842096518
clustered,epsgreedy const,30025,0.7165,162.1157052652708
clustered,epsgreedy const,30026,0.749,139.6720838245811
clustered,epsgreedy const,30027,0.7,170.13938750673077
clustered,epsgreedy const,30028,0.6925,229.02086531051677
clustered,epsgreedy const,30029,0.7045,240.51589763221614
clustered,epsgreedy optimistic decay=0.90,30000,0.7435,105.62148017186263
clustered,epsgreedy optimistic decay=0.90,30001,0.7245,102.09221076526586
clustered,epsgreedy optimistic decay=0.90,30002,0.7675,86.30662317550903
clustered,epsgreedy optimistic decay=0.90,30003,0.717,121.3975598547908
clustered,epsgreedy optimistic decay=0.90,30004,0.7105,184.78955402555744
clustered,epsgreedy optimistic decay=0.90,30005,0.756,103.38210098382142
clustered,epsgreedy optimistic decay=0.90,30006,0.7035,170.54253286822788
clustered,epsgreedy optimistic decay=0.90,30007,0.736,121.63850571257845
clustered,epsgreedy optimistic decay=0.90,30008,0.7395,109.29535851621897
clustered,epsgreedy optimistic decay=0.90,30009,0.7425,77.80324133831812
clustered,epsgreedy optimistic decay=0.90,30010,0.721,123.62490174215955
clustered,epsgreedy optimistic decay=0.90,30011,0.7505,157.14529585918325
clustered,epsgreedy optimistic decay=0.90,30012,0.7115,138.6761711459229
clustered,epsgreedy optimistic decay=0.90,30013,0.749,94.27512582463251
clustered,epsgreedy optimistic decay=0.90,30014,0.733,86.5475714990491
clustered,epsgreedy optimistic decay=0.90,30015,0.7555,87.91379432441114
clustered,epsgreedy optimistic decay=0.90,30016,0.7455,132.50538235025337
clustered,epsgreedy optimistic decay=0.90,30017,0.722,138.80664692414294
clustered,epsgreedy optimistic decay=0.90,30018,0.737,138.49796848737114
clustered,epsgreedy optimistic decay=0.90,30019,0.7175,170.3879876145403
clustered,epsgreedy optimistic decay=0.90,30020,0.756,122.5616577699109
clustered,epsgreedy optimistic decay=0.90,30021,0.716,129.54452940605665
clustered,epsgreedy optimistic decay=0.90,30022,0.7365,150.2859465731501
clustered,epsgreedy optimistic decay=0.90,30023,0.7255,126.52031922061396
clustered,epsgreedy optimistic decay=0.90,30024,0.731,122.44992801737425
clustered,epsgreedy optimistic decay=0.90,30025,0.764,74.20110712173724
clustered,epsgreedy optimistic decay=0.90,30026,0.761,118.82146795039667
clustered,epsgreedy optimistic decay=0.90,30027,0.724,115.72546100647455
clustered,epsgreedy optimistic decay=0.90,30028,0.742,132.5857315247941
clustered,epsgreedy optimistic decay=0.90,30029,0.7825,81.58218205894951
clustered,"thompson Beta(5,5)",30000,0.675,239.64709402487696
clustered,"thompson Beta(5,5)",30001,0.642,261.99296527240233
clustered,"thompson Beta(5,5)",30002,0.6655,279.72334241997356
clustered,"thompson Beta(5,5)",30003,0.6525,238.75362763178248
clustered,"thompson Beta(5,5)",30004,0.6705,255.7936527378927
clustered,"thompson Beta(5,5)",30005,0.6655,296.66804869870435
clustered,"thompson Beta(5,5)",30006,0.653,282.91164265614077
clustered,"thompson Beta(5,5)",30007,0.6605,271.4942574475021
clustered,"thompson Beta(5,5)",30008,0.683,219.83918632008113
clustered,"thompson Beta(5,5)",30009,0.667,227.23457762380875
clustered,"thompson Beta(5,5)",30010,0.601,369.27904049974524
clustered,"thompson Beta(5,5)",30011,0.6515,330.34564845421755
clustered,"thompson Beta(5,5)",30012,0.661,256.82944514879716
clustered,"thompson Beta(5,5)",30013,0.6875,228.38969710422396
clustered,"thompson Beta(5,5)",30014,0.6165,317.60929491857667
clustered,"thompson Beta(5,5)",30015,0.6955,217.55962153879423
clustered,"thompson Beta(5,5)",30016,0.6855,272.25294427835223
clustered,"thompson Beta(5,5)",30017,0.652,289.47619499407296
clustered,"thompson Beta(5,5)",30018,0.6695,247.18947556540635
clustered,"thompson Beta(5,5)",30019,0.672,248.99276354760335
clustered,"thompson Beta(5,5)",30020,0.684,263.2411417859804
clustered,"thompson Beta(5,5)",30021,0.6545,248.0436641224796
clustered,"thompson Beta(5,5)",30022,0.661,291.6579835048491
clustered,"thompson Beta(5,5)",30023,0.6505,274.4791155165091
clustered,"thompson Beta(5,5)",30024,0.6745,225.0171292306301
clustered,"thompson Beta(5,5)",30025,0.6835,236.6384980231266
clustered,"thompson Beta(5,5)",30026,0.7045,244.54578688504938
clustered,"thompson Beta(5,5)",30027,0.6305,305.30262963888566
clustered,"thompson Beta(5,5)",30028,0.656,299.010024278292
clustered,"thompson Beta(5,5)",30029,0.7105,231.28711591139557
clustered,ucb(c=0.003),30000,0.7365,121.79982687110345
clustered,ucb(c=0.003),30001,0.718,115.35006343902698
clustered,ucb(c=0.003),30002,0.742,128.84757343688062
clustered,ucb(c=0.003),30003,0.7225,102.93570393961946
clustered,ucb(c=0.003),30004,0.7285,146.84488674410412
clustered,ucb(c=0.003),30005,0.7605,93.72321367861551
clustered,ucb(c=0.003),30006,0.737,107.91825967227689
clustered,ucb(c=0.003),30007,0.742,98.12751101042375
clustered,ucb(c=0.003),30008,0.733,122.54767655109994
clustered,ucb(c=0.003),30009,0.741,78.31900089011022
clustered,ucb(c=0.003),30010,0.717,130.80905477853116
clustered,ucb(c=0.003),30011,0.7585,135.11771602901308
clustered,ucb(c=0.003),30012,0.7265,114.75690546358332
clustered,ucb(c=0.003),30013,0.7435,115.38276104422056
clustered,ucb(c=0.003),30014,0.742,70.04252605561831
clustered,ucb(c=0.003),30015,0.7475,106.6096941517929
clustered,ucb(c=0.003),30016,0.7405,147.66226427422905
clustered,ucb(c=0.003),30017,0.744,104.52372706546589
clustered,ucb(c=0.003),30018,0.734,142.2468482214821
clustered,ucb(c=0.003),30019,0.7315,134.0651317480723
clustered,ucb(c=0.003),30020,0.7445,143.28809819875394
clustered,ucb(c=0.003),30021,0.732,93.73096691222428
clustered,ucb(c=0.003),30022,0.7335,161.12487343879442
clustered,ucb(c=0.003),30023,0.697,191.84525398051574
clustered,ucb(c=0.003),30024,0.756,70.21790213376012
clustered,ucb(c=0.003),30025,0.7665,60.87362394366933
clustered,ucb(c=0.003),30026,0.7885,62.20783369232544
clustered,ucb(c=0.003),30027,0.7515,59.4028129186449
clustered,ucb(c=0.003),30028,0.7505,116.64834594860996
clustered,ucb(c=0.003),30029,0.7825,86.70649963136125
rare-good,epsgreedy const,30000,0.6015,408.1042711795114
rare-good,epsgreedy const,30001,0.35,895.1745001605201
rare-good,epsgreedy const,30002,0.269,1091.5668076389134
rare-good,epsgreedy const,30003,0.4985,636.8061495850354
rare-good,epsgreedy const,30004,0.7295,141.4410125288165
rare-good,epsgreedy const,30005,0.42,808.4765315209416
rare-good,epsgreedy const,30006,0.709,177.533116735681
rare-good,epsgreedy const,30007,0.66,289.8664487082932
rare-good,epsgreedy const,30008,0.7155,154.3515670279093
rare-good,epsgreedy const,30009,0.7395,120.40289991780011
rare-good,epsgreedy const,30010,0.478,628.6399593982045
rare-good,epsgreedy const,30011,0.466,672.7318604890792
rare-good,epsgreedy const,30012,0.636,327.8453569998472
rare-good,epsgreedy const,30013,0.452,700.9107405687505
rare-good,epsgreedy const,30014,0.2545,1057.058453789117
rare-good,epsgreedy const,30015,0.4145,754.8189253596067
rare-good,epsgreedy const,30016,0.7435,126.22311716302059
rare-good,epsgreedy const,30017,0.567,488.2548498815682
rare-good,epsgreedy const,30018,0.2435,1106.1724278881095
rare-good,epsgreedy const,30019,0.643,303.52982812531735
rare-good,epsgreedy const,30020,0.6025,411.3086103412212
rare-good,epsgreedy const,30021,0.663,262.0791946814335
rare-good,epsgreedy const,30022,0.3585,898.4953301871127
rare-good,epsgreedy const,30023,0.6235,331.2902333276598
rare-good,epsgreedy const,30024,0.736,131.1017115075002
rare-good,epsgreedy const,30025,0.749,134.71080572335836
rare-good,epsgreedy const,30026,0.2705,1087.3249652080456
rare-good,epsgreedy const,30027,0.624,336.13214098380985
rare-good,epsgreedy const,30028,0.4105,757.2994435528755
rare-good,epsgreedy const,30029,0.5845,419.69413043839523
rare-good,epsgreedy optimistic decay=0.90,30000,0.2885,1026.4759239879866
rare-good,epsgreedy optimistic decay=0.90,30001,0.2745,1045.8287974359152
rare-good,epsgreedy optimistic decay=0.90,30002,0.7745,72.55596723995566
rare-good,epsgreedy optimistic decay=0.90,30003,0.7635,77.13248983680595
rare-good,epsgreedy optimistic decay=0.90,30004,0.747,119.58358599292882
rare-good,epsgreedy optimistic decay=0.90,30005,0.7635,89.44556250318028
rare-good,epsgreedy optimistic decay=0.90,30006,0.257,1104.5020040794504
rare-good,epsgreedy optimistic decay=0.90,30007,0.7605,87.74956340585422
rare-good,epsgreedy optimistic decay=0.90,30008,0.7265,133.30167874045236
rare-good,epsgreedy optimistic decay=0.90,30009,0.76,81.97455707372798
rare-good,epsgreedy optimistic decay=0.90,30010,0.746,95.47279807279118
rare-good,epsgreedy optimistic decay=0.90,30011,0.732,139.59391067796446
rare-good,epsgreedy optimistic decay=0.90,30012,0.765,70.17003536262231
rare-good,epsgreedy optimistic decay=0.90,30013,0.771,71.69615743730192
rare-good,epsgreedy optimistic decay=0.90,30014,0.243,1086.170853404093
rare-good,epsgreedy optimistic decay=0.90,30015,0.7685,78.98692215695915
rare-good,epsgreedy optimistic decay=0.90,30016,0.7665,84.57202699643662
rare-good,epsgreedy optimistic decay=0.90,30017,0.2775,1032.3226553481693
rare-good,epsgreedy optimistic decay=0.90,30018,0.7625,71.62239009092806
rare-good,epsgreedy optimistic decay=0.90,30019,0.762,74.02424603463906
rare-good,epsgreedy optimistic decay=0.90,30020,0.771,84.11598255563202
rare-good,epsgreedy optimistic decay=0.90,30021,0.276,1032.4920448396997
rare-good,epsgreedy optimistic decay=0.90,30022,0.7635,68.86180099359312
rare-good,epsgreedy optimistic decay=0.90,30023,0.748,87.30064182097165
rare-good,epsgreedy optimistic decay=0.90,30024,0.7685,74.42049089669213
rare-good,epsgreedy optimistic decay=0.90,30025,0.776,70.87435625531158
rare-good,epsgreedy optimistic decay=0.90,30026,0.246,1133.1655994591551
rare-good,epsgreedy optimistic decay=0.90,30027,0.748,72.86234709046573
rare-good,epsgreedy optimistic decay=0.90,30028,0.749,82.63452704999743
rare-good,epsgreedy optimistic decay=0.90,30029,0.7595,73.78953141472535
rare-good,"thompson Beta(5,5)",30000,0.648,306.4922617934173
rare-good,"thompson Beta(5,5)",30001,0.6255,352.06804195742467
rare-good,"thompson Beta(5,5)",30002,0.687,254.01122668810092
rare-good,"thompson Beta(5,5)",30003,0.648,307.59634885541413
rare-good,"thompson Beta(5,5)",30004,0.633,351.9347158761096
rare-good,"thompson Beta(5,5)",30005,0.621,363.89102608273436
rare-good,"thompson Beta(5,5)",30006,0.597,389.18532497354175
rare-good,"thompson Beta(5,5)",30007,0.6265,356.31229746940045
rare-good,"thompson Beta(5,5)",30008,0.6495,295.5696868669195
rare-good,"thompson Beta(5,5)",30009,0.6165,374.87295920137484
rare-good,"thompson Beta(5,5)",30010,0.6445,299.73719530595935
rare-good,"thompson Beta(5,5)",30011,0.5355,522.7936184127767
rare-good,"thompson Beta(5,5)",30012,0.654,284.3226684503505
rare-good,"thompson Beta(5,5)",30013,0.656,295.6681802004617
rare-good,"thompson Beta(5,5)",30014,0.6655,280.11727166937334
rare-good,"thompson Beta(5,5)",30015,0.622,370.3142641130259
rare-good,"thompson Beta(5,5)",30016,0.6705,271.94643381972236
rare-good,"thompson Beta(5,5)",30017,0.653,293.1750646235696
rare-good,"thompson Beta(5,5)",30018,0.648,305.2528332425157
rare-good,"thompson Beta(5,5)",30019,0.629,323.64911561988674
rare-good,"thompson Beta(5,5)",30020,0.676,270.8078365105161
rare-good,"thompson Beta(5,5)",30021,0.6075,371.96274879955575
rare-good,"thompson Beta(5,5)",30022,0.6325,323.8702544567294
rare-good,"thompson Beta(5,5)",30023,0.621,334.9294935551506
rare-good,"thompson Beta(5,5)",30024,0.636,324.9686470217944
rare-good,"thompson Beta(5,5)",30025,0.6885,245.26019533243908
rare-good,"thompson Beta(5,5)",30026,0.653,307.17549123212854
rare-good,"thompson Beta(5,5)",30027,0.6065,354.6437332288754
rare-good,"thompson Beta(5,5)",30028,0.6165,354.6851631561197
rare-good,"thompson Beta(5,5)",30029,0.635,329.91500259097387
rare-good,ucb(c=0.003),30000,0.7605,75.03955463034715
rare-good,ucb(c=0.003),30001,0.7605,75.50585546512835
rare-good,ucb(c=0.003),30002,0.2875,1058.497487056482
rare-good,ucb(c=0.003),30003,0.7615,86.68314546470552
rare-good,ucb(c=0.003),30004,0.7605,91.8578220727868
rare-good,ucb(c=0.003),30005,0.771,77.86867736717538
rare-good,ucb(c=0.003),30006,0.75,91.89576645308688
rare-good,ucb(c=0.003),30007,0.76,87.3436907478965
rare-good,ucb(c=0.003),30008,0.756,71.40549587347125
rare-good,ucb(c=0.003),30009,0.766,74.63297549959125
rare-good,ucb(c=0.003),30010,0.756,74.97220170054075
rare-good,ucb(c=0.003),30011,0.2685,1037.8699199935832
rare-good,ucb(c=0.003),30012,0.758,79.37899220382215
rare-good,ucb(c=0.003),30013,0.2555,1096.3305461881323
rare-good,ucb(c=0.003),30014,0.7655,68.34704391676746
rare-good,ucb(c=0.003),30015,0.769,74.51063189835321
rare-good,ucb(c=0.003),30016,0.769,84.65868575052389
rare-good,ucb(c=0.003),30017,0.7445,104.06459744476021
rare-good,ucb(c=0.003),30018,0.758,83.06981057098075
rare-good,ucb(c=0.003),30019,0.7605,78.60982220478078
rare-good,ucb(c=0.003),30020,0.767,95.43403062033452
rare-good,ucb(c=0.003),30021,0.76,74.81357089899518
rare-good,ucb(c=0.003),30022,0.7645,69.30199042011891
rare-good,ucb(c=0.003),30023,0.738,101.85066600725595
rare-good,ucb(c=0.003),30024,0.7685,74.45295024399199
rare-good,ucb(c=0.003),30025,0.7765,69.88660323176533
rare-good,ucb(c=0.003),30026,0.2485,1127.2871300556583
rare-good,ucb(c=0.003),30027,0.75,70.21313769434582
rare-good,ucb(c=0.003),30028,0.742,95.09736339122149
rare-good,ucb(c=0.003),30029,0.7215,161.31003146522846
