horizon,configuration,mean_reward,reward_ci95_half_width,mean_regret,regret_ci95_half_width,median_regret,p90_regret,max_regret,regret_per_step
1000,UCB c=0.5,0.495140,0.007922,51.250000,6.192066,45.725000,76.460000,149.300000,0.051250
1000,"Thompson Beta(0.5,0.5)",0.489800,0.006844,57.121000,4.724424,55.400000,69.130000,138.250000,0.057121
1000,Epsilon epsilon=0.1,0.470020,0.014273,75.589000,13.498015,57.075000,139.470000,229.550000,0.075589
1000,UCB c=1,0.433820,0.005375,111.566000,3.798425,111.425000,128.670000,147.800000,0.111566
1000,UCB c=1.41,0.393760,0.005817,153.574000,2.788740,152.375000,169.060000,174.200000,0.153574
1000,UCB c=2,0.366100,0.004710,181.933000,2.376391,180.850000,193.915000,205.850000,0.181933
10000,UCB c=0.5,0.541650,0.001678,79.165000,8.547461,75.625000,100.895000,253.750000,0.007916
10000,"Thompson Beta(0.5,0.5)",0.540384,0.001485,91.236000,5.387127,88.925000,106.245000,180.950000,0.009124
10000,UCB c=1,0.524328,0.001675,251.442000,8.452811,247.800000,285.845000,330.150000,0.025144
10000,Epsilon epsilon=0.1,0.513336,0.004602,363.567000,42.751653,310.275000,558.090000,1112.150000,0.036357
10000,UCB c=1.41,0.503914,0.001935,458.962000,10.430938,462.725000,501.500000,555.300000,0.045896
10000,UCB c=2,0.474548,0.001996,753.814000,12.627343,759.325000,810.395000,830.850000,0.075381
100000,UCB c=0.5,0.549038,0.000529,107.211000,8.048819,102.375000,130.420000,258.250000,0.001072
100000,"Thompson Beta(0.5,0.5)",0.548858,0.000508,125.960000,5.847906,127.250000,146.235000,194.100000,0.001260
100000,UCB c=1,0.546169,0.000558,393.974000,12.049566,387.100000,458.160000,492.250000,0.003940
100000,UCB c=1.41,0.542589,0.000534,752.906000,13.441608,751.175000,811.920000,873.100000,0.007529
100000,UCB c=2,0.535830,0.000586,1427.481000,21.586837,1423.500000,1535.675000,1585.200000,0.014275
100000,Epsilon epsilon=0.1,0.522163,0.000682,2795.693000,43.549816,2750.500000,2966.120000,3564.800000,0.027957
