n_arms,n_steps,optimistic_init,variant,final_avg_reward,final_avg_reward_std,total_regret,total_regret_std
10,100,1,constant,0.745000,0.158196,15.745682,10.323167
10,100,1,decay=0.9,0.789000,0.152097,11.278788,7.607837
10,100,1,decay=0.95,0.770000,0.173305,13.110111,10.614692
10,100,1,decay=0.99,0.761000,0.149467,14.079363,8.643912
10,100,1,decay=0.999,0.742667,0.166670,15.865285,10.256792
10,100,1,decay=0.9999,0.745667,0.157932,15.729250,10.316172
10,100,1,decay=0.99999,0.745000,0.158196,15.745682,10.323167
10,100,0,constant,0.752667,0.142537,14.381847,10.317366
10,100,0,decay=0.9,0.718000,0.210441,18.651657,19.553903
10,100,0,decay=0.95,0.735000,0.197933,16.914375,17.585169
10,100,0,decay=0.99,0.753333,0.166740,15.076516,12.623301
10,100,0,decay=0.999,0.754333,0.141292,14.510088,9.406139
10,100,0,decay=0.9999,0.754000,0.141485,14.315214,10.281726
10,100,0,decay=0.99999,0.752667,0.142537,14.381847,10.317366
10,1000,1,constant,0.842800,0.110434,59.093692,25.572070
10,1000,1,decay=0.9,0.850400,0.159120,51.782421,87.733448
10,1000,1,decay=0.95,0.839533,0.175751,61.874492,114.317789
10,1000,1,decay=0.99,0.860700,0.133829,41.414156,66.047946
10,1000,1,decay=0.999,0.854600,0.117166,47.379134,23.371297
10,1000,1,decay=0.9999,0.843200,0.110515,57.894858,23.698857
10,1000,1,decay=0.99999,0.843433,0.110894,58.993907,25.637235
10,1000,0,constant,0.841867,0.102134,58.867532,20.298424
10,1000,0,decay=0.9,0.725400,0.220538,176.728951,201.657575
10,1000,0,decay=0.95,0.753767,0.206031,147.983351,185.100893
10,1000,0,decay=0.99,0.833233,0.166438,69.267485,105.130278
10,1000,0,decay=0.999,0.850400,0.113363,51.069113,23.609944
10,1000,0,decay=0.9999,0.840700,0.103044,59.292835,23.613568
10,1000,0,decay=0.99999,0.841633,0.102137,58.698848,20.160533
10,10000,1,constant,0.856097,0.102895,448.548047,92.026443
10,10000,1,decay=0.9,0.857250,0.159378,434.516035,889.942165
10,10000,1,decay=0.95,0.848100,0.175442,525.250504,1163.632001
10,10000,1,decay=0.99,0.872090,0.134685,287.038898,679.902279
10,10000,1,decay=0.999,0.893623,0.108472,76.113827,51.823611
10,10000,1,decay=0.9999,0.870593,0.106292,303.753564,76.879358
10,10000,1,decay=0.99999,0.858043,0.103220,429.481422,88.739337
10,10000,0,constant,0.856603,0.101331,444.845873,95.391931
10,10000,0,decay=0.9,0.725283,0.220372,1757.501893,2023.157247
10,10000,0,decay=0.95,0.755243,0.206686,1458.471106,1864.095217
10,10000,0,decay=0.99,0.845197,0.167778,561.857266,1077.181146
10,10000,0,decay=0.999,0.890000,0.113982,111.797499,152.423053
10,10000,0,decay=0.9999,0.869880,0.103843,315.424595,128.585516
10,10000,0,decay=0.99999,0.858123,0.101432,429.401086,97.343945
100,100,1,constant,0.546333,0.046645,44.833893,2.954874
100,100,1,decay=0.9,0.544333,0.048614,44.398142,2.882119
100,100,1,decay=0.95,0.543667,0.045749,44.499769,2.664448
100,100,1,decay=0.99,0.542000,0.048523,44.937166,3.022485
100,100,1,decay=0.999,0.546000,0.047822,44.784072,3.019614
100,100,1,decay=0.9999,0.546333,0.046645,44.785712,2.946583
100,100,1,decay=0.99999,0.546333,0.046645,44.833893,2.954874
100,100,0,constant,0.730000,0.133649,24.672962,12.157706
100,100,0,decay=0.9,0.643667,0.220509,33.328791,21.016313
100,100,0,decay=0.95,0.697667,0.205001,28.098705,19.359985
100,100,0,decay=0.99,0.730667,0.170556,25.083936,15.156480
100,100,0,decay=0.999,0.723333,0.163039,25.488699,15.224546
100,100,0,decay=0.9999,0.725667,0.147781,25.109602,13.619430
100,100,0,decay=0.99999,0.730000,0.133649,24.672962,12.157706
100,1000,1,constant,0.850500,0.011298,142.956187,9.768126
100,1000,1,decay=0.9,0.895633,0.004958,95.751012,6.019729
100,1000,1,decay=0.95,0.895233,0.005418,96.067625,6.633939
100,1000,1,decay=0.99,0.892300,0.008421,100.128196,7.809755
100,1000,1,decay=0.999,0.868933,0.010537,125.250033,9.172883
100,1000,1,decay=0.9999,0.852667,0.012078,140.883701,10.386783
100,1000,1,decay=0.99999,0.850767,0.011273,143.003932,9.793949
100,1000,0,constant,0.873833,0.028661,117.270763,32.176242
100,1000,0,decay=0.9,0.666400,0.216283,325.921064,216.202494
100,1000,0,decay=0.95,0.736933,0.199550,256.342493,201.815041
100,1000,0,decay=0.99,0.866433,0.117906,127.246442,119.825333
100,1000,0,decay=0.999,0.897767,0.028162,93.292304,28.325458
100,1000,0,decay=0.9999,0.876067,0.029542,116.488061,34.397953
100,1000,0,decay=0.99999,0.873833,0.028677,117.453311,32.180702
100,10000,1,constant,0.929303,0.011469,622.509431,83.490214
100,10000,1,decay=0.9,0.980727,0.007792,110.180619,38.454616
100,10000,1,decay=0.95,0.980380,0.008040,113.615163,40.700539
100,10000,1,decay=0.99,0.978623,0.010960,132.541465,75.776471
100,10000,1,decay=0.999,0.974537,0.012261,173.730676,89.893144
100,10000,1,decay=0.9999,0.948393,0.011814,437.020057,81.550600
100,10000,1,decay=0.99999,0.932217,0.010770,595.563020,76.584410
100,10000,0,constant,0.930370,0.008614,611.941262,68.105389
100,10000,0,decay=0.9,0.666200,0.216586,3246.937785,2172.718952
100,10000,0,decay=0.95,0.737120,0.201720,2538.446232,2032.373089
100,10000,0,decay=0.99,0.884157,0.117896,1072.333858,1188.003274
100,10000,0,decay=0.999,0.969390,0.016628,222.329555,155.965060
100,10000,0,decay=0.9999,0.949033,0.007620,427.456216,70.497175
100,10000,0,decay=0.99999,0.932943,0.008332,584.885477,52.513871
1000,100,1,constant,0.505000,0.050702,48.577105,2.887656
1000,100,1,decay=0.9,0.506667,0.051417,48.720030,3.067790
1000,100,1,decay=0.95,0.504333,0.050833,48.640941,3.083281
1000,100,1,decay=0.99,0.507000,0.051605,48.289947,3.111647
1000,100,1,decay=0.999,0.506667,0.050606,48.523980,2.880368
1000,100,1,decay=0.9999,0.506000,0.050282,48.559208,2.874720
1000,100,1,decay=0.99999,0.505000,0.050702,48.577105,2.887656
1000,100,0,constant,0.720000,0.134164,27.013391,12.800801
1000,100,0,decay=0.9,0.671667,0.234889,32.761951,22.303015
1000,100,0,decay=0.95,0.699333,0.187137,29.538768,18.041850
1000,100,0,decay=0.99,0.725667,0.149958,26.710260,14.323150
1000,100,0,decay=0.999,0.718000,0.147354,26.940173,13.456753
1000,100,0,decay=0.9999,0.719667,0.134638,27.123103,12.697328
1000,100,0,decay=0.99999,0.720000,0.134164,27.013391,12.800801
1000,1000,1,constant,0.546800,0.015291,453.740643,10.099463
1000,1000,1,decay=0.9,0.549100,0.015142,449.308771,9.399063
1000,1000,1,decay=0.95,0.550367,0.012433,448.166671,8.256435
1000,1000,1,decay=0.99,0.548633,0.014972,448.898063,9.675735
1000,1000,1,decay=0.999,0.552333,0.017105,449.517899,10.431567
1000,1000,1,decay=0.9999,0.547467,0.014550,453.597002,9.024882
1000,1000,1,decay=0.99999,0.546933,0.014610,453.596154,9.412709
1000,1000,0,constant,0.866367,0.029682,134.430338,29.966096
1000,1000,0,decay=0.9,0.684133,0.229481,317.180918,228.783245
1000,1000,0,decay=0.95,0.745400,0.170245,256.239259,170.359239
1000,1000,0,decay=0.99,0.878967,0.108746,121.582549,109.915217
1000,1000,0,decay=0.999,0.896500,0.025115,102.406337,24.056274
1000,1000,0,decay=0.9999,0.872900,0.026266,126.760989,26.334697
1000,1000,0,decay=0.99999,0.866967,0.029657,133.798596,30.319711
1000,10000,1,constant,0.854843,0.002046,1437.393902,27.053118
1000,10000,1,decay=0.9,0.899547,0.000666,991.156745,23.530295
1000,10000,1,decay=0.95,0.899530,0.000711,993.696168,22.747245
1000,10000,1,decay=0.99,0.899517,0.000636,992.951664,26.302233
1000,10000,1,decay=0.999,0.897403,0.000964,1015.146273,27.093015
1000,10000,1,decay=0.9999,0.872963,0.001638,1264.268966,27.266156
1000,10000,1,decay=0.99999,0.857280,0.002082,1411.688589,28.292957
1000,10000,0,constant,0.912813,0.004221,867.604276,42.627604
1000,10000,0,decay=0.9,0.683563,0.227855,3144.021297,2281.486232
1000,10000,0,decay=0.95,0.748143,0.168197,2505.452475,1685.074268
1000,10000,0,decay=0.99,0.898850,0.113678,1003.975726,1148.035363
1000,10000,0,decay=0.999,0.975513,0.009357,234.410435,93.185300
1000,10000,0,decay=0.9999,0.938403,0.005458,608.913733,54.112136
1000,10000,0,decay=0.99999,0.916433,0.004761,829.933826,41.431177
